date,actual,predicted,residual,country,tenor,model_type
1990-08-01,8.896894736842105,9.469984095850798,-0.5730893590086925,Germany,yld_10yr,mlp
1990-09-01,9.0259,9.469984095850798,-0.44408409585079767,Germany,yld_10yr,mlp
1990-10-01,9.036304347826087,9.44634543431054,-0.41004108648445303,Germany,yld_10yr,mlp
1990-11-01,8.926272727272728,9.181664057367415,-0.25539133009468706,Germany,yld_10yr,mlp
1990-12-01,8.830619047619049,8.904670777062146,-0.0740517294430969,Germany,yld_10yr,mlp
1991-01-01,8.874521739130435,8.776888220928628,0.09763351820180688,Germany,yld_10yr,mlp
1991-02-01,8.37025,8.584949471548176,-0.21469947154817604,Germany,yld_10yr,mlp
1991-03-01,8.422619047619047,8.520266816079305,-0.09764776846025747,Germany,yld_10yr,mlp
1991-04-01,8.377772727272728,8.496194577822424,-0.11842185054969612,Germany,yld_10yr,mlp
1991-05-01,8.368434782608695,8.412536193762199,-0.044101411153503633,Germany,yld_10yr,mlp
1991-06-01,8.350750000000001,8.412536193762199,-0.06178619376219707,Germany,yld_10yr,mlp
1991-07-01,8.599391304347826,8.412536193762199,0.18685511058562732,Germany,yld_10yr,mlp
1991-08-01,8.533045454545455,8.33028404268784,0.20276141185761531,Germany,yld_10yr,mlp
1991-09-01,8.42095238095238,8.257850767175794,0.16310161377658616,Germany,yld_10yr,mlp
1991-10-01,8.293304347826087,8.186326024682254,0.10697832314383326,Germany,yld_10yr,mlp
1991-11-01,8.280142857142858,7.83030981723553,0.44983303990732804,Germany,yld_10yr,mlp
1991-12-01,8.192818181818181,7.518026368714697,0.674791813103484,Germany,yld_10yr,mlp
1992-01-01,7.89704347826087,7.869287564286248,0.02775591397462218,Germany,yld_10yr,mlp
1992-02-01,7.89475,7.737089729498184,0.1576602705018164,Germany,yld_10yr,mlp
1992-03-01,7.9484545454545446,7.59467455203556,0.3537799934189847,Germany,yld_10yr,mlp
1992-04-01,7.947727272727272,7.724953206637118,0.22277406609015404,Germany,yld_10yr,mlp
1992-05-01,7.965857142857142,7.999338520420041,-0.03348137756289926,Germany,yld_10yr,mlp
1992-06-01,7.9781818181818185,7.964363648556956,0.013818169624862264,Germany,yld_10yr,mlp
1992-07-01,8.033434782608696,7.459508264698274,0.5739265179104214,Germany,yld_10yr,mlp
1992-08-01,7.974333333333334,7.296845793416539,0.677487539916795,Germany,yld_10yr,mlp
1992-09-01,7.637636363636363,7.148736208174471,0.48890015546189236,Germany,yld_10yr,mlp
1992-10-01,7.372090909090909,6.389291600461288,0.9827993086296214,Germany,yld_10yr,mlp
1992-11-01,7.3182857142857145,6.487953966944657,0.8303317473410576,Germany,yld_10yr,mlp
1992-12-01,7.294739130434783,6.487953966944657,0.806785163490126,Germany,yld_10yr,mlp
1993-01-01,7.0903809523809525,6.954155299858521,0.13622565252243124,Germany,yld_10yr,mlp
1993-02-01,6.93135,6.99729912757304,-0.06594912757303995,Germany,yld_10yr,mlp
1993-03-01,6.599913043478261,6.89707807640457,-0.29716503292630936,Germany,yld_10yr,mlp
1993-04-01,6.6451363636363645,6.936548637205428,-0.29141227356906363,Germany,yld_10yr,mlp
1993-05-01,6.813285714285715,6.719079194500747,0.09420651978496775,Germany,yld_10yr,mlp
1993-06-01,6.774318181818182,6.762767946061189,0.01155023575699321,Germany,yld_10yr,mlp
1993-07-01,6.573318181818181,6.540142039184756,0.033176142633425165,Germany,yld_10yr,mlp
1993-08-01,6.3362727272727275,6.540620995479218,-0.20434826820649032,Germany,yld_10yr,mlp
1993-09-01,6.124181818181818,6.38132886981116,-0.2571470516293415,Germany,yld_10yr,mlp
1993-10-01,5.943333333333333,6.2151771207639115,-0.27184378743057813,Germany,yld_10yr,mlp
1993-11-01,5.879272727272727,6.155908626159906,-0.27663589888717954,Germany,yld_10yr,mlp
1993-12-01,5.711260869565217,6.155908626159906,-0.4446477565946889,Germany,yld_10yr,mlp
1994-01-01,5.649285714285715,5.83714299367152,-0.18785727938580532,Germany,yld_10yr,mlp
1994-02-01,5.89075,5.839123849877253,0.05162615012274685,Germany,yld_10yr,mlp
1994-03-01,6.284130434782608,5.999767404124308,0.2843630306583007,Germany,yld_10yr,mlp
1994-04-01,6.444190476190476,5.986847270124323,0.4573432060661533,Germany,yld_10yr,mlp
1994-05-01,6.656545454545454,6.2777830528746,0.37876240167085395,Germany,yld_10yr,mlp
1994-06-01,7.043454545454545,6.403232994672315,0.64022155078223,Germany,yld_10yr,mlp
1994-07-01,6.88052380952381,6.4872975711063905,0.39322623841741944,Germany,yld_10yr,mlp
1994-08-01,7.098347826086957,6.832713286551391,0.26563453953556593,Germany,yld_10yr,mlp
1994-09-01,7.545590909090908,7.065254097432975,0.4803368116579332,Germany,yld_10yr,mlp
1994-10-01,7.552857142857143,6.65449802892214,0.8983591139350038,Germany,yld_10yr,mlp
1994-11-01,7.475409090909091,6.79092056762998,0.6844885232791107,Germany,yld_10yr,mlp
1994-12-01,7.457,7.051028352131764,0.4059716478682356,Germany,yld_10yr,mlp
1995-01-01,7.571454545454546,6.632595129499432,0.9388594159551138,Germany,yld_10yr,mlp
1995-02-01,7.4046,7.233499496609154,0.17110050339084637,Germany,yld_10yr,mlp
1995-03-01,7.260913043478261,7.116239921944759,0.14467312153350242,Germany,yld_10yr,mlp
1995-04-01,7.073099999999999,6.878891267664827,0.19420873233517266,Germany,yld_10yr,mlp
1995-05-01,6.848478260869564,7.142972891761079,-0.2944946308915144,Germany,yld_10yr,mlp
1995-06-01,6.706545454545455,7.033989648381368,-0.3274441938359134,Germany,yld_10yr,mlp
1995-07-01,6.7868571428571425,6.736797834655975,0.050059308201167774,Germany,yld_10yr,mlp
1995-08-01,6.711652173913043,6.5482814196548516,0.16337075425819148,Germany,yld_10yr,mlp
1995-09-01,6.565761904761905,6.7167619590978145,-0.1510000543359098,Germany,yld_10yr,mlp
1995-10-01,6.5364545454545455,6.699746838985009,-0.16329229353046326,Germany,yld_10yr,mlp
1995-11-01,6.322454545454545,6.69698035533393,-0.3745258098793851,Germany,yld_10yr,mlp
1995-12-01,6.073619047619047,6.374329052664683,-0.3007100050456355,Germany,yld_10yr,mlp
1996-01-01,5.903652173913043,6.057210411582068,-0.1535582376690252,Germany,yld_10yr,mlp
1996-02-01,6.1976666666666675,5.464558417928078,0.7331082487385894,Germany,yld_10yr,mlp
1996-03-01,6.452095238095238,5.562724178246311,0.8893710598489264,Germany,yld_10yr,mlp
1996-04-01,6.391772727272727,5.85005649834658,0.5417162289261466,Germany,yld_10yr,mlp
1996-05-01,6.4490869565217395,5.704310902716832,0.7447760538049071,Germany,yld_10yr,mlp
1996-06-01,6.57205,5.702320096555387,0.8697299034446129,Germany,yld_10yr,mlp
1996-07-01,6.471782608695652,5.638879941708161,0.8329026669874908,Germany,yld_10yr,mlp
1996-08-01,6.305954545454545,5.489956398639776,0.8159981468147697,Germany,yld_10yr,mlp
1996-09-01,6.230095238095238,5.424844688031396,0.8052505500638425,Germany,yld_10yr,mlp
1996-10-01,6.005130434782608,5.6468960016567,0.35823443312590886,Germany,yld_10yr,mlp
1996-11-01,5.849142857142857,5.441297367391696,0.40784548975116053,Germany,yld_10yr,mlp
1996-12-01,5.797363636363636,5.52906349729495,0.2683001390686863,Germany,yld_10yr,mlp
1997-01-01,5.818608695652174,5.517767058834963,0.30084163681721154,Germany,yld_10yr,mlp
1997-02-01,5.57245,5.602449435905239,-0.029999435905239125,Germany,yld_10yr,mlp
1997-03-01,5.786619047619048,5.396910366500016,0.389708681119032,Germany,yld_10yr,mlp
1997-04-01,5.909090909090909,5.3288325740806926,0.5802583350102166,Germany,yld_10yr,mlp
1997-05-01,5.811272727272727,5.370250069668752,0.4410226576039751,Germany,yld_10yr,mlp
1997-06-01,5.751571428571428,5.193721745468286,0.5578496831031421,Germany,yld_10yr,mlp
1997-07-01,5.566565217391305,5.461515503355031,0.10504971403627383,Germany,yld_10yr,mlp
1997-08-01,5.669857142857143,5.460670963737234,0.209186179119909,Germany,yld_10yr,mlp
1997-09-01,5.603818181818182,5.375855687555935,0.2279624942622469,Germany,yld_10yr,mlp
1997-10-01,5.590391304347826,5.2047692404005,0.38562206394732623,Germany,yld_10yr,mlp
1997-11-01,5.5621,5.372385675535769,0.18971432446423098,Germany,yld_10yr,mlp
1997-12-01,5.32195652173913,5.455897298154651,-0.13394077641552116,Germany,yld_10yr,mlp
1998-01-01,5.122590909090909,4.728406542014303,0.39418436707660565,Germany,yld_10yr,mlp
1998-02-01,5.00425,4.650130942326944,0.3541190576730555,Germany,yld_10yr,mlp
1998-03-01,4.911227272727273,4.850110234172496,0.06111703855477657,Germany,yld_10yr,mlp
1998-04-01,4.9065,5.109618149107536,-0.203118149107536,Germany,yld_10yr,mlp
1998-05-01,4.962380952380952,5.303349696251012,-0.34096874387005993,Germany,yld_10yr,mlp
1998-06-01,4.8033636363636365,5.42917308626682,-0.6258094499031834,Germany,yld_10yr,mlp
1998-07-01,4.681782608695652,5.206209590356492,-0.5244269816608398,Germany,yld_10yr,mlp
1998-08-01,4.411,4.991477479252321,-0.5804774792523215,Germany,yld_10yr,mlp
1998-09-01,4.055318181818182,4.895364155836787,-0.8400459740186053,Germany,yld_10yr,mlp
1998-10-01,4.0500454545454545,4.647982754696945,-0.5979373001514903,Germany,yld_10yr,mlp
1998-11-01,4.137428571428571,4.364344904045074,-0.22691633261650335,Germany,yld_10yr,mlp
1998-12-01,3.882869565217391,4.056117434140974,-0.17324786892358324,Germany,yld_10yr,mlp
1999-01-01,3.704333333333333,3.969705640239579,-0.2653723069062459,Germany,yld_10yr,mlp
1999-02-01,3.84255,3.969705640239579,-0.12715564023957882,Germany,yld_10yr,mlp
1999-03-01,4.030391304347826,4.268752773418524,-0.2383614690706981,Germany,yld_10yr,mlp
1999-04-01,3.88,4.586640755744278,-0.706640755744278,Germany,yld_10yr,mlp
1999-05-01,4.052333333333333,4.043183967740679,0.009149365592654668,Germany,yld_10yr,mlp
1999-06-01,4.344090909090909,4.052196303153509,0.2918946059373999,Germany,yld_10yr,mlp
1999-07-01,4.693681818181818,4.245862218972247,0.4478195992095708,Germany,yld_10yr,mlp
1999-08-01,4.879727272727273,4.43519117029892,0.4445361024283523,Germany,yld_10yr,mlp
1999-09-01,5.057590909090909,4.42233680669616,0.6352541023947484,Germany,yld_10yr,mlp
1999-10-01,5.3133333333333335,4.564072158836087,0.7492611744972466,Germany,yld_10yr,mlp
1999-11-01,5.048,5.074032151900916,-0.02603215190091568,Germany,yld_10yr,mlp
1999-12-01,5.173260869565217,5.224028107452121,-0.050767237886903516,Germany,yld_10yr,mlp
2000-01-01,5.5440000000000005,6.334404582911761,-0.7904045829117603,Germany,yld_10yr,mlp
2000-02-01,5.507428571428572,6.080250943759037,-0.5728223723304646,Germany,yld_10yr,mlp
2000-03-01,5.3304347826086955,5.5459224207357805,-0.21548763812708494,Germany,yld_10yr,mlp
2000-04-01,5.23475,4.951908634918227,0.28284136508177316,Germany,yld_10yr,mlp
2000-05-01,5.342217391304348,4.775710015739565,0.5665073755647825,Germany,yld_10yr,mlp
2000-06-01,5.164954545454545,5.334169499704796,-0.16921495425025057,Germany,yld_10yr,mlp
2000-07-01,5.257333333333333,4.928256954248908,0.3290763790844258,Germany,yld_10yr,mlp
2000-08-01,5.208913043478261,4.965109343481272,0.24380369999698903,Germany,yld_10yr,mlp
2000-09-01,5.263761904761905,5.066964518654221,0.1967973861076837,Germany,yld_10yr,mlp
2000-10-01,5.2185,4.5917871354936715,0.6267128645063282,Germany,yld_10yr,mlp
2000-11-01,5.169181818181818,4.697028574963092,0.47215324321872654,Germany,yld_10yr,mlp
2000-12-01,4.907666666666667,4.713786554958602,0.19388011170806418,Germany,yld_10yr,mlp
2001-01-01,4.804391304347826,4.527061274414511,0.27733002993331457,Germany,yld_10yr,mlp
2001-02-01,4.794449999999999,4.497570997390844,0.29687900260915523,Germany,yld_10yr,mlp
2001-03-01,4.695954545454546,4.645764356502504,0.05019018895204219,Germany,yld_10yr,mlp
2001-04-01,4.857809523809523,4.664547059430552,0.19326246437897154,Germany,yld_10yr,mlp
2001-05-01,5.067130434782609,4.992639420949412,0.0744910138331969,Germany,yld_10yr,mlp
2001-06-01,5.025619047619047,4.947610218668496,0.07800882895055139,Germany,yld_10yr,mlp
2001-07-01,5.022545454545455,4.960108481073518,0.062436973471936774,Germany,yld_10yr,mlp
2001-08-01,4.837217391304348,4.9338861364953495,-0.09666874519100155,Germany,yld_10yr,mlp
2001-09-01,4.83065,5.105047500433595,-0.27439750043359457,Germany,yld_10yr,mlp
2001-10-01,4.617869565217391,4.890113843674428,-0.2722442784570367,Germany,yld_10yr,mlp
2001-11-01,4.473318181818182,4.669095579760956,-0.19577739794277438,Germany,yld_10yr,mlp
2001-12-01,4.804809523809523,4.720986938333457,0.08382258547606636,Germany,yld_10yr,mlp
2002-01-01,4.877565217391305,4.724247608737448,0.15331760865385657,Germany,yld_10yr,mlp
2002-02-01,4.9275,4.921249991944337,0.006250008055663336,Germany,yld_10yr,mlp
2002-03-01,5.187047619047619,5.029234503827574,0.15781311522004504,Germany,yld_10yr,mlp
2002-04-01,5.166181818181818,5.013212042749256,0.1529697754325623,Germany,yld_10yr,mlp
2002-05-01,5.176434782608696,4.658231476162806,0.5182033064458897,Germany,yld_10yr,mlp
2002-06-01,5.0268500000000005,4.861606646811428,0.16524335318857286,Germany,yld_10yr,mlp
2002-07-01,4.8707391304347825,4.718045380569109,0.15269374986567374,Germany,yld_10yr,mlp
2002-08-01,4.591681818181818,4.916675781713293,-0.32499396353147514,Germany,yld_10yr,mlp
2002-09-01,4.3820476190476185,4.722784021421327,-0.3407364023737083,Germany,yld_10yr,mlp
2002-10-01,4.48504347826087,4.659411699075621,-0.17436822081475079,Germany,yld_10yr,mlp
2002-11-01,4.497285714285714,4.749593517607061,-0.2523078033213473,Germany,yld_10yr,mlp
2002-12-01,4.336045454545455,4.198951342210208,0.13709411233524715,Germany,yld_10yr,mlp
2003-01-01,4.188130434782608,4.150956377939657,0.03717405684295105,Germany,yld_10yr,mlp
2003-02-01,3.9661,4.205569696923832,-0.23946969692383213,Germany,yld_10yr,mlp
2003-03-01,4.036380952380952,4.005927639193965,0.030453313186987074,Germany,yld_10yr,mlp
2003-04-01,4.1605,3.932348962543597,0.22815103745640286,Germany,yld_10yr,mlp
2003-05-01,3.8468636363636364,3.943529038217299,-0.09666540185366257,Germany,yld_10yr,mlp
2003-06-01,3.6474285714285717,3.747603605591081,-0.10017503416250939,Germany,yld_10yr,mlp
2003-07-01,4.009913043478261,3.993610901782176,0.016302141696085126,Germany,yld_10yr,mlp
2003-08-01,4.156428571428571,3.9944684915440787,0.16196007988449246,Germany,yld_10yr,mlp
2003-09-01,4.193954545454545,4.084389307835305,0.10956523761924064,Germany,yld_10yr,mlp
2003-10-01,4.254913043478261,4.1742106337047025,0.08070240977355869,Germany,yld_10yr,mlp
2003-11-01,4.4072000000000005,4.291679950820391,0.11552004917960979,Germany,yld_10yr,mlp
2003-12-01,4.327434782608696,4.206295224624888,0.12113955798380793,Germany,yld_10yr,mlp
2004-01-01,4.190863636363637,4.121822509210117,0.06904112715352007,Germany,yld_10yr,mlp
2004-02-01,4.1261,4.151288108695777,-0.025188108695776812,Germany,yld_10yr,mlp
2004-03-01,3.936304347826087,3.98274788785524,-0.04644354002915296,Germany,yld_10yr,mlp
2004-04-01,4.126045454545454,4.296438754243012,-0.17039329969755812,Germany,yld_10yr,mlp
2004-05-01,4.289333333333333,4.3265667874551905,-0.03723345412185708,Germany,yld_10yr,mlp
2004-06-01,4.369863636363636,4.192349510462946,0.17751412590069027,Germany,yld_10yr,mlp
2004-07-01,4.251818181818182,4.1943475364550835,0.05747064536309843,Germany,yld_10yr,mlp
2004-08-01,4.093772727272728,4.046976731803017,0.04679599546971058,Germany,yld_10yr,mlp
2004-09-01,4.039863636363636,4.046829778936676,-0.006966142573039846,Germany,yld_10yr,mlp
2004-10-01,3.9162857142857144,4.022415098792353,-0.10612938450663822,Germany,yld_10yr,mlp
2004-11-01,3.8165454545454547,3.9327682373830286,-0.11622278283757392,Germany,yld_10yr,mlp
2004-12-01,3.651478260869565,3.9669056746242872,-0.31542741375472216,Germany,yld_10yr,mlp
2005-01-01,3.5811904761904763,3.4909664754626735,0.09022400072780279,Germany,yld_10yr,mlp
2005-02-01,3.5731499999999996,3.5418779394708126,0.03127206052918696,Germany,yld_10yr,mlp
2005-03-01,3.7159130434782606,3.3514565795035507,0.3644564639747099,Germany,yld_10yr,mlp
2005-04-01,3.5032857142857146,3.4124049916302335,0.09088072265548108,Germany,yld_10yr,mlp
2005-05-01,3.3480454545454545,3.1738088510192233,0.17423660352623127,Germany,yld_10yr,mlp
2005-06-01,3.1961363636363633,3.21743301749075,-0.021296653854386616,Germany,yld_10yr,mlp
2005-07-01,3.234238095238095,3.13678905645009,0.09744903878800493,Germany,yld_10yr,mlp
2005-08-01,3.251782608695652,3.2394274568827717,0.012355151812880383,Germany,yld_10yr,mlp
2005-09-01,3.089318181818182,3.123960900072492,-0.03464271825431009,Germany,yld_10yr,mlp
2005-10-01,3.2642857142857142,3.0870529065026275,0.1772328077830867,Germany,yld_10yr,mlp
2005-11-01,3.4760909090909093,3.2769554260341534,0.199135483056756,Germany,yld_10yr,mlp
2005-12-01,3.3680909090909092,3.4774742080995553,-0.10938329900864607,Germany,yld_10yr,mlp
2006-01-01,3.3406363636363636,3.5092523348774773,-0.16861597124111372,Germany,yld_10yr,mlp
2006-02-01,3.4863500000000003,3.6284263270497883,-0.142076327049788,Germany,yld_10yr,mlp
2006-03-01,3.6614347826086955,3.987411659971956,-0.32597687736326053,Germany,yld_10yr,mlp
2006-04-01,3.9222,4.062954135291505,-0.1407541352915045,Germany,yld_10yr,mlp
2006-05-01,3.9814347826086953,4.7450611218720145,-0.7636263392633191,Germany,yld_10yr,mlp
2006-06-01,3.9936818181818183,5.108764479946071,-1.1150826617642529,Germany,yld_10yr,mlp
2006-07-01,4.017333333333333,5.093451607678501,-1.076118274345168,Germany,yld_10yr,mlp
2006-08-01,3.8875217391304346,5.336364025610893,-1.448842286480458,Germany,yld_10yr,mlp
2006-09-01,3.7588571428571425,4.600624174570337,-0.8417670317131942,Germany,yld_10yr,mlp
2006-10-01,3.798318181818182,4.954691347964875,-1.1563731661466932,Germany,yld_10yr,mlp
2006-11-01,3.7308636363636367,4.9336299961656,-1.202766359801963,Germany,yld_10yr,mlp
2006-12-01,3.8021904761904763,4.940318150341,-1.1381276741505233,Germany,yld_10yr,mlp
2007-01-01,4.0283043478260865,5.491125987259496,-1.4628216394334093,Germany,yld_10yr,mlp
2007-02-01,4.05195,5.089989337877478,-1.0380393378774784,Germany,yld_10yr,mlp
2007-03-01,3.9515000000000002,4.991787603119553,-1.0402876031195527,Germany,yld_10yr,mlp
2007-04-01,4.156190476190476,4.628793453260243,-0.4726029770697666,Germany,yld_10yr,mlp
2007-05-01,4.292869565217392,4.730373838838044,-0.43750427362065203,Germany,yld_10yr,mlp
2007-06-01,4.583095238095238,4.330885320395079,0.2522099177001591,Germany,yld_10yr,mlp
2007-07-01,4.516409090909091,4.556084670547485,-0.039675579638394076,Germany,yld_10yr,mlp
2007-08-01,4.303478260869565,4.3227813934491195,-0.019303132579554294,Germany,yld_10yr,mlp
2007-09-01,4.24225,4.691478768492489,-0.44922876849248894,Germany,yld_10yr,mlp
2007-10-01,4.2926086956521745,4.468444814742119,-0.17583611908994445,Germany,yld_10yr,mlp
2007-11-01,4.101863636363636,5.156608098178854,-1.0547444618152175,Germany,yld_10yr,mlp
2007-12-01,4.2429523809523815,4.658660164065134,-0.4157077831127527,Germany,yld_10yr,mlp
2008-01-01,4.045478260869565,4.284649615322783,-0.2391713544532177,Germany,yld_10yr,mlp
2008-02-01,3.9616666666666664,4.280144841280989,-0.3184781746143224,Germany,yld_10yr,mlp
2008-03-01,3.8053333333333335,4.304603910575976,-0.49927057724264223,Germany,yld_10yr,mlp
2008-04-01,4.053409090909091,4.14466017317014,-0.09125108226104839,Germany,yld_10yr,mlp
2008-05-01,4.204863636363637,4.475303590916681,-0.27043995455304426,Germany,yld_10yr,mlp
2008-06-01,4.546904761904762,4.547977591872824,-0.0010728299680620168,Germany,yld_10yr,mlp
2008-07-01,4.498304347826087,4.323453272113032,0.1748510757130548,Germany,yld_10yr,mlp
2008-08-01,4.2153809523809525,4.196374991427007,0.01900596095394569,Germany,yld_10yr,mlp
2008-09-01,4.103045454545454,3.990000348780519,0.11304510576493554,Germany,yld_10yr,mlp
2008-10-01,3.8993478260869567,3.8923902457137984,0.006957580373158301,Germany,yld_10yr,mlp
2008-11-01,3.56685,3.586479572028373,-0.019629572028372788,Germany,yld_10yr,mlp
2008-12-01,3.0561304347826086,3.2145446503291115,-0.15841421554650292,Germany,yld_10yr,mlp
2009-01-01,3.0854545454545454,2.9671977441579336,0.11825680129661187,Germany,yld_10yr,mlp
2009-02-01,3.1576,2.9413250181782646,0.21627498182173532,Germany,yld_10yr,mlp
2009-03-01,3.0615454545454543,3.1930005959846244,-0.13145514143917003,Germany,yld_10yr,mlp
2009-04-01,3.186,3.267937468251671,-0.08193746825167114,Germany,yld_10yr,mlp
2009-05-01,3.416428571428572,3.3040406225038152,0.11238794892475656,Germany,yld_10yr,mlp
2009-06-01,3.550227272727273,3.4104725212151905,0.13975475151208228,Germany,yld_10yr,mlp
2009-07-01,3.3643043478260872,3.314945542978423,0.049358804847664306,Germany,yld_10yr,mlp
2009-08-01,3.3343809523809527,3.2831610696101152,0.051219882770837444,Germany,yld_10yr,mlp
2009-09-01,3.291090909090909,3.2111410142495345,0.07994989484137438,Germany,yld_10yr,mlp
2009-10-01,3.2319999999999998,3.1047203114871844,0.12727968851281535,Germany,yld_10yr,mlp
2009-11-01,3.2818571428571426,3.202571329356672,0.07928581350047059,Germany,yld_10yr,mlp
2009-12-01,3.2339565217391306,3.3545608432486995,-0.1206043215095689,Germany,yld_10yr,mlp
2010-01-01,3.285761904761905,3.268834704275083,0.016927200486821725,Germany,yld_10yr,mlp
2010-02-01,3.1864999999999997,3.2031097732362923,-0.016609773236292646,Germany,yld_10yr,mlp
2010-03-01,3.1269130434782606,3.2372851628130537,-0.11037211933479307,Germany,yld_10yr,mlp
2010-04-01,3.0879999999999996,3.1714814846422663,-0.08348148464226668,Germany,yld_10yr,mlp
2010-05-01,2.801619047619048,2.8814632353220766,-0.0798441877030287,Germany,yld_10yr,mlp
2010-06-01,2.6282727272727273,2.8793672545017976,-0.25109452722907033,Germany,yld_10yr,mlp
2010-07-01,2.647727272727273,2.8117579094989216,-0.16403063677164864,Germany,yld_10yr,mlp
2010-08-01,2.3698636363636365,2.7066010943807126,-0.3367374580170761,Germany,yld_10yr,mlp
2010-09-01,2.3418636363636365,2.7143382868242147,-0.37247465046057826,Germany,yld_10yr,mlp
2010-10-01,2.3724285714285713,2.509482316003452,-0.13705374457488073,Germany,yld_10yr,mlp
2010-11-01,2.5611818181818182,2.5040295192567736,0.05715229892504459,Germany,yld_10yr,mlp
2010-12-01,2.961260869565217,2.6567295715633197,0.30453129800189727,Germany,yld_10yr,mlp
2011-01-01,3.0490476190476192,2.72541561421416,0.32363200483345933,Germany,yld_10yr,mlp
2011-02-01,3.2251,2.6962841619909317,0.5288158380090682,Germany,yld_10yr,mlp
2011-03-01,3.245695652173913,2.615498708473517,0.6301969437003963,Germany,yld_10yr,mlp
2011-04-01,3.345809523809524,2.577381564557131,0.7684279592523926,Germany,yld_10yr,mlp
2011-05-01,3.1056363636363638,2.515982730691223,0.589653632945141,Germany,yld_10yr,mlp
2011-06-01,2.972272727272727,2.3110011953535228,0.6612715319192044,Germany,yld_10yr,mlp
2011-07-01,2.783095238095238,2.5207990005341534,0.26229623756108467,Germany,yld_10yr,mlp
2011-08-01,2.2507391304347824,2.409860526291903,-0.1591213958571207,Germany,yld_10yr,mlp
2011-09-01,1.865590909090909,2.05162423192398,-0.18603332283307084,Germany,yld_10yr,mlp
2011-10-01,2.0407619047619048,2.156483019258351,-0.11572111449644629,Germany,yld_10yr,mlp
2011-11-01,1.9470454545454545,1.806965188531645,0.14008026601380963,Germany,yld_10yr,mlp
2011-12-01,1.9902272727272725,1.6612563568516303,0.3289709158756422,Germany,yld_10yr,mlp
2012-01-01,1.8584545454545456,1.7405899291212283,0.11786461633331724,Germany,yld_10yr,mlp
2012-02-01,1.9012380952380954,1.7369759178065198,0.16426217743157556,Germany,yld_10yr,mlp
2012-03-01,1.8764545454545454,1.8183874629391854,0.05806708251535997,Germany,yld_10yr,mlp
2012-04-01,1.7255238095238095,1.7436314945936422,-0.018107685069832735,Germany,yld_10yr,mlp
2012-05-01,1.4621739130434783,1.788897295114509,-0.3267233820710307,Germany,yld_10yr,mlp
2012-06-01,1.4307619047619047,1.584190345848921,-0.15342844108701637,Germany,yld_10yr,mlp
2012-07-01,1.305,1.5144249116276192,-0.20942491162761923,Germany,yld_10yr,mlp
2012-08-01,1.4154347826086957,1.5555364196219432,-0.14010163701324752,Germany,yld_10yr,mlp
2012-09-01,1.5436999999999999,1.429266757954876,0.11443324204512395,Germany,yld_10yr,mlp
2012-10-01,1.5142608695652175,1.4260786406338744,0.0881822289313432,Germany,yld_10yr,mlp
2012-11-01,1.3902272727272729,1.3614310625211838,0.028796210206089023,Germany,yld_10yr,mlp
2012-12-01,1.3550952380952381,1.6580190684000273,-0.3029238303047892,Germany,yld_10yr,mlp
2013-01-01,1.5621304347826088,1.6694567430608978,-0.10732630827828893,Germany,yld_10yr,mlp
2013-02-01,1.59665,1.7049364553651052,-0.10828645536510528,Germany,yld_10yr,mlp
2013-03-01,1.406952380952381,1.7701126619290006,-0.3631602809766197,Germany,yld_10yr,mlp
2013-04-01,1.2500909090909091,1.7864130480695304,-0.5363221389786212,Germany,yld_10yr,mlp
2013-05-01,1.3653478260869565,1.549308802648718,-0.18396097656176158,Germany,yld_10yr,mlp
2013-06-01,1.6181,1.5782610703315059,0.03983892966849423,Germany,yld_10yr,mlp
2013-07-01,1.625304347826087,1.4441442870241463,0.18116006080194058,Germany,yld_10yr,mlp
2013-08-01,1.8012727272727274,1.6602211851120658,0.1410515421606615,Germany,yld_10yr,mlp
2013-09-01,1.929,1.587562275239495,0.34143772476050516,Germany,yld_10yr,mlp
2013-10-01,1.8075217391304348,1.4936478387387742,0.31387390039166063,Germany,yld_10yr,mlp
2013-11-01,1.7181428571428572,1.7103898790367238,0.007752978106133401,Germany,yld_10yr,mlp
2013-12-01,1.8516363636363635,1.5098577707131113,0.3417785929232522,Germany,yld_10yr,mlp
2014-01-01,1.795304347826087,1.5207710031791108,0.2745333446469762,Germany,yld_10yr,mlp
2014-02-01,1.6592500000000001,1.5062070181223846,0.15304298187761556,Germany,yld_10yr,mlp
2014-03-01,1.5887142857142857,1.3907000778037122,0.19801420791057356,Germany,yld_10yr,mlp
2014-04-01,1.526409090909091,1.3300416202025298,0.19636747070656124,Germany,yld_10yr,mlp
2014-05-01,1.4032727272727272,1.1895658883785976,0.21370683889412967,Germany,yld_10yr,mlp
2014-06-01,1.3487619047619046,1.1086560191768284,0.24010588558507617,Germany,yld_10yr,mlp
2014-07-01,1.1937391304347826,1.061830703247475,0.13190842718730766,Germany,yld_10yr,mlp
2014-08-01,1.0141428571428572,1.0909555741190151,-0.07681271697615788,Germany,yld_10yr,mlp
2014-09-01,0.9978181818181817,1.1536842059848442,-0.1558660241666625,Germany,yld_10yr,mlp
2014-10-01,0.8741304347826088,1.0339739103369887,-0.15984347555437994,Germany,yld_10yr,mlp
2014-11-01,0.79255,0.9102910174716488,-0.11774101747164878,Germany,yld_10yr,mlp
2014-12-01,0.6404782608695652,0.4884295504467863,0.15204871042277884,Germany,yld_10yr,mlp
2015-01-01,0.4448181818181818,0.6159917772295513,-0.17117359541136956,Germany,yld_10yr,mlp
2015-02-01,0.35045000000000004,0.6592391087282181,-0.3087891087282181,Germany,yld_10yr,mlp
2015-03-01,0.2590454545454545,0.8096474725760145,-0.55060201803056,Germany,yld_10yr,mlp
2015-04-01,0.16327272727272726,0.7072264696321615,-0.5439537423594343,Germany,yld_10yr,mlp
2015-05-01,0.5816190476190476,0.6723858695132785,-0.09076682189423091,Germany,yld_10yr,mlp
2015-06-01,0.8297727272727272,0.6965409273563739,0.13323179991635337,Germany,yld_10yr,mlp
2015-07-01,0.7553913043478261,0.41792718029927806,0.33746412404854803,Germany,yld_10yr,mlp
2015-08-01,0.6637142857142857,0.4534440550645588,0.21027023064972689,Germany,yld_10yr,mlp
2015-09-01,0.6744545454545455,0.32190444013776126,0.35255010531678427,Germany,yld_10yr,mlp
2015-10-01,0.5446818181818182,0.34222021177256984,0.20246160640924832,Germany,yld_10yr,mlp
2015-11-01,0.5481428571428572,0.5930871647047342,-0.04494430756187706,Germany,yld_10yr,mlp
2015-12-01,0.5939565217391304,0.6472977302192471,-0.0533412084801167,Germany,yld_10yr,mlp
2016-01-01,0.5056190476190476,0.2907788373852704,0.21484021023377725,Germany,yld_10yr,mlp
2016-02-01,0.22628571428571428,0.24339157433357766,-0.01710586004786338,Germany,yld_10yr,mlp
2016-03-01,0.21460869565217391,0.18292914876832506,0.03167954688384886,Germany,yld_10yr,mlp
2016-04-01,0.1752857142857143,0.2508480027699222,-0.0755622884842079,Germany,yld_10yr,mlp
2016-05-01,0.15845454545454546,0.13149644755090567,0.02695809790363979,Germany,yld_10yr,mlp
2016-06-01,0.012363636363636365,0.16259953031219293,-0.15023589394855658,Germany,yld_10yr,mlp
2016-07-01,-0.08742857142857144,0.17527210626028572,-0.2627006776888572,Germany,yld_10yr,mlp
2016-08-01,-0.07582608695652174,0.04019232197621342,-0.11601840893273516,Germany,yld_10yr,mlp
2016-09-01,-0.05068181818181818,0.18957627377071934,-0.24025809195253753,Germany,yld_10yr,mlp
2016-10-01,0.03957142857142857,0.05681328731596896,-0.017241858744540393,Germany,yld_10yr,mlp
2016-11-01,0.2328181818181818,0.12401440699168215,0.10880377482649967,Germany,yld_10yr,mlp
2016-12-01,0.28945454545454546,0.4323883350628425,-0.14293378960829706,Germany,yld_10yr,mlp
2017-01-01,0.3468181818181818,0.44424479045787074,-0.09742660863968894,Germany,yld_10yr,mlp
2017-02-01,0.3169,0.41992094975584976,-0.10302094975584974,Germany,yld_10yr,mlp
2017-03-01,0.3907826086956522,0.3506909082088469,0.04009170048680527,Germany,yld_10yr,mlp
2017-04-01,0.2473,0.3077020587862997,-0.0604020587862997,Germany,yld_10yr,mlp
2017-05-01,0.3725217391304348,0.2534331503233546,0.11908858880708018,Germany,yld_10yr,mlp
2017-06-01,0.2901818181818182,0.36918253996807854,-0.07900072178626033,Germany,yld_10yr,mlp
2017-07-01,0.5403809523809524,0.47648805123017784,0.06389290115077456,Germany,yld_10yr,mlp
2017-08-01,0.41291304347826085,0.2977944331455324,0.11511861033272847,Germany,yld_10yr,mlp
2017-09-01,0.4028571428571429,0.33546077242925193,0.06739637042789098,Germany,yld_10yr,mlp
2017-10-01,0.4245909090909091,0.3201975431857104,0.10439336590519865,Germany,yld_10yr,mlp
2017-11-01,0.3628181818181818,0.1500336438675,0.2127845379506818,Germany,yld_10yr,mlp
2017-12-01,0.35028571428571426,0.24936840120144937,0.10091731308426488,Germany,yld_10yr,mlp
2018-01-01,0.5492173913043478,0.2533522043116844,0.29586518699266334,Germany,yld_10yr,mlp
2018-02-01,0.7191,0.17075361651019788,0.5483463834898021,Germany,yld_10yr,mlp
2018-03-01,0.5819090909090909,0.1479245787062679,0.433984512202823,Germany,yld_10yr,mlp
2018-04-01,0.5427142857142857,0.29549893502713437,0.24721535068715134,Germany,yld_10yr,mlp
2018-05-01,0.5129565217391304,0.14220485711264214,0.3707516646264883,Germany,yld_10yr,mlp
2018-06-01,0.3927142857142857,0.23268924275720598,0.1600250429570797,Germany,yld_10yr,mlp
2018-07-01,0.3538636363636364,0.2523680236297327,0.10149561273390367,Germany,yld_10yr,mlp
2018-08-01,0.359,0.12898992935982506,0.23001007064017492,Germany,yld_10yr,mlp
2018-09-01,0.44190000000000007,0.11935500649534253,0.32254499350465754,Germany,yld_10yr,mlp
2018-10-01,0.4589565217391305,0.25478369757045843,0.20417282416867205,Germany,yld_10yr,mlp
2018-11-01,0.38222727272727275,0.0007280207427461938,0.38149925198452656,Germany,yld_10yr,mlp
2018-12-01,0.2508095238095238,0.19626607135056745,0.054543452458956365,Germany,yld_10yr,mlp
2019-01-01,0.21491304347826085,0.16911156210271455,0.045801481375546294,Germany,yld_10yr,mlp
2019-02-01,0.12635000000000002,0.10688620477285576,0.019463795227144254,Germany,yld_10yr,mlp
2019-03-01,0.05361904761904762,0.20007557897618694,-0.14645653135713932,Germany,yld_10yr,mlp
2019-04-01,0.009590909090909091,-0.02360249293457134,0.033193402025480434,Germany,yld_10yr,mlp
2019-05-01,-0.08239130434782609,0.06356898323918142,-0.14596028758700752,Germany,yld_10yr,mlp
2019-06-01,-0.269,0.12077608535863577,-0.3897760853586358,Germany,yld_10yr,mlp
2019-07-01,-0.341,0.029319524126256657,-0.3703195241262567,Germany,yld_10yr,mlp
2019-08-01,-0.6271363636363637,-0.1156636731616803,-0.5114726904746834,Germany,yld_10yr,mlp
2019-09-01,-0.5708571428571428,-0.18911291039234507,-0.3817442324647978,Germany,yld_10yr,mlp
2019-10-01,-0.44869565217391305,-0.3482593986230675,-0.10043625355084557,Germany,yld_10yr,mlp
2019-11-01,-0.328952380952381,-0.4900251198653019,0.1610727389129209,Germany,yld_10yr,mlp
2019-12-01,-0.2707272727272727,-0.418245509786945,0.14751823705967232,Germany,yld_10yr,mlp
2020-01-01,-0.2679130434782609,-0.2642837775694176,-0.003629265908843271,Germany,yld_10yr,mlp
2020-02-01,-0.4351,-0.3074176577626531,-0.12768234223734687,Germany,yld_10yr,mlp
2020-03-01,-0.5200454545454546,-0.8362478489969047,0.31620239445145015,Germany,yld_10yr,mlp
2020-04-01,-0.4319545454545455,-0.4097211192108943,-0.022233426243651155,Germany,yld_10yr,mlp
2020-05-01,-0.5030476190476191,-0.851114812514387,0.34806719346676795,Germany,yld_10yr,mlp
2020-06-01,-0.4032727272727273,-0.5212161792756154,0.11794345200288808,Germany,yld_10yr,mlp
2020-07-01,-0.4629130434782609,-0.33158823560366685,-0.13132480787459405,Germany,yld_10yr,mlp
2020-08-01,-0.4701904761904762,0.17506255852611824,-0.6452530347165945,Germany,yld_10yr,mlp
2020-09-01,-0.4907272727272727,-0.2781297974522949,-0.2125974752749778,Germany,yld_10yr,mlp
2020-10-01,-0.5734545454545454,-0.3300346314407632,-0.2434199140137822,Germany,yld_10yr,mlp
2020-11-01,-0.573,-0.1582720343117398,-0.41472796568826015,Germany,yld_10yr,mlp
2020-12-01,-0.5764347826086956,0.16959502879236193,-0.7460298114010575,Germany,yld_10yr,mlp
2021-01-01,-0.5332857142857143,0.048683891065024854,-0.581969605350739,Germany,yld_10yr,mlp
2021-02-01,-0.39039999999999997,0.45878238977930125,-0.8491823897793012,Germany,yld_10yr,mlp
2021-03-01,-0.3172608695652174,0.005473914203231789,-0.32273478376844916,Germany,yld_10yr,mlp
2021-04-01,-0.2762727272727273,0.35960988704016245,-0.6358826143128897,Germany,yld_10yr,mlp
2021-05-01,-0.16657142857142856,0.3262301358698895,-0.49280156444131806,Germany,yld_10yr,mlp
2021-06-01,-0.20650000000000002,0.05778969349633417,-0.2642896934963342,Germany,yld_10yr,mlp
2021-07-01,-0.34945454545454546,0.22506259578164228,-0.5745171412361878,Germany,yld_10yr,mlp
2021-08-01,-0.46354545454545454,-0.2752033723061918,-0.18834208223926274,Germany,yld_10yr,mlp
2021-09-01,-0.3039545454545455,-0.2832328239411464,-0.020721721513399072,Germany,yld_10yr,mlp
2021-10-01,-0.14771428571428571,-0.14190632561105115,-0.005807960103234561,Germany,yld_10yr,mlp
2021-11-01,-0.25440909090909086,-0.009544708951648329,-0.24486438195744253,Germany,yld_10yr,mlp
2021-12-01,-0.316,-0.01689401301609511,-0.2991059869839049,Germany,yld_10yr,mlp
2022-01-01,-0.05838095238095238,-0.45956425442964216,0.4011833020486898,Germany,yld_10yr,mlp
2022-02-01,0.20845000000000002,-0.5329733487574346,0.7414233487574347,Germany,yld_10yr,mlp
2022-03-01,0.3254347826086957,-0.4605219801837494,0.7859567627924451,Germany,yld_10yr,mlp
2022-04-01,0.7874285714285715,0.14128225836155145,0.64614631306702,Germany,yld_10yr,mlp
2022-05-01,0.9942272727272727,0.712403536912249,0.28182373581502373,Germany,yld_10yr,mlp
2022-06-01,1.4999545454545455,1.2244412450115736,0.27551330044297195,Germany,yld_10yr,mlp
2022-07-01,1.1383809523809523,1.1397531182643492,-0.0013721658833969475,Germany,yld_10yr,mlp
2022-08-01,1.103,1.460620917367999,-0.35762091736799895,Germany,yld_10yr,mlp
2022-09-01,1.8268181818181817,2.130117715645447,-0.3032995338272655,Germany,yld_10yr,mlp
2022-10-01,2.198857142857143,1.9151674004240855,0.28368974243305733,Germany,yld_10yr,mlp
2022-11-01,2.0705,2.1161591341752213,-0.04565913417522127,Germany,yld_10yr,mlp
2022-12-01,2.1285454545454545,1.5174221138228998,0.6111233407225547,Germany,yld_10yr,mlp
2023-01-01,2.2138636363636364,2.2191500252237732,-0.005286388860136881,Germany,yld_10yr,mlp
2023-02-01,2.4063,2.5234816535841667,-0.11718165358416677,Germany,yld_10yr,mlp
2023-03-01,2.395695652173913,2.2255526331147006,0.17014301905921236,Germany,yld_10yr,mlp
2023-04-01,2.3562000000000003,2.2817722661794924,0.07442773382050794,Germany,yld_10yr,mlp
2023-05-01,2.352086956521739,3.652139980425099,-1.3000530239033599,Germany,yld_10yr,mlp
2023-06-01,2.396681818181818,3.5160606615190138,-1.1193788433371958,Germany,yld_10yr,mlp
2023-07-01,2.4983809523809524,2.3669380757762686,0.1314428766046838,Germany,yld_10yr,mlp
2023-08-01,2.575173913043478,2.6616479780103504,-0.08647406496687227,Germany,yld_10yr,mlp
2023-09-01,2.695666666666667,2.679416772584566,0.01624989408210098,Germany,yld_10yr,mlp
2023-10-01,2.847363636363636,2.6357720085235012,0.21159162784013485,Germany,yld_10yr,mlp
2023-11-01,2.6148181818181815,2.47399967990643,0.1408185019117516,Germany,yld_10yr,mlp
2023-12-01,2.1057619047619047,2.7782476262885476,-0.6724857215266429,Germany,yld_10yr,mlp
2024-01-01,2.2199565217391304,2.3711375743278316,-0.15118105258870118,Germany,yld_10yr,mlp
2024-02-01,2.3658571428571427,2.290493577229985,0.07536356562715785,Germany,yld_10yr,mlp
2024-03-01,2.3593333333333333,2.14688175067137,0.2124515826619633,Germany,yld_10yr,mlp
2024-04-01,2.4626363636363635,2.2337662548907424,0.22887010874562108,Germany,yld_10yr,mlp
2024-05-01,2.535,2.176468844680282,0.35853115531971813,Germany,yld_10yr,mlp
2024-06-01,2.4852,2.428855103325498,0.05634489667450193,Germany,yld_10yr,mlp
2024-07-01,2.4759565217391306,2.4714597169747856,0.004496804764344997,Germany,yld_10yr,mlp
2024-08-01,2.2325454545454546,2.3131375455198304,-0.08059209097437581,Germany,yld_10yr,mlp
2024-09-01,2.175,2.2635726766372404,-0.08857267663724055,Germany,yld_10yr,mlp
2024-10-01,2.2464347826086954,2.524261527924683,-0.2778267453159877,Germany,yld_10yr,mlp
2024-11-01,2.313047619047619,2.4278146830247,-0.11476706397708103,Germany,yld_10yr,mlp
2024-12-01,2.2224999999999997,2.392709278947378,-0.17020927894737836,Germany,yld_10yr,mlp
2025-01-01,2.5226521739130434,2.4362105464215036,0.08644162749153983,Germany,yld_10yr,mlp
2025-02-01,2.4361,2.4375100604076505,-0.0014100604076503487,Germany,yld_10yr,mlp
2025-03-01,2.777904761904762,2.9679864766369115,-0.19008171473214963,Germany,yld_10yr,mlp
2025-04-01,2.539409090909091,2.8008187886687077,-0.26140969775961675,Germany,yld_10yr,mlp
2025-05-01,2.5690454545454546,2.7773194652494606,-0.20827401070400597,Germany,yld_10yr,mlp
2025-06-01,2.5322105263157897,3.085045408491445,-0.5528348821756555,Germany,yld_10yr,mlp
