Date,Filename,Inflationary Score,Expansionary Score,Deflationary Score,Recessionary Score,Sentiment Score
2000-01-01,2000-01_extracted_2000-01-monatsbericht-data.txt,0.00022145124381781945,0.0008330784886479874,0.00012654356789589682,8.436237859726454e-05,0.04122580616100149
2000-02-01,2000-02_extracted_2000-02-monatsbericht-data.txt,0.00019743336623889436,0.0013162224415926291,0.0003290556103981573,0.0002522759679719206,0.037916995512042584
2000-03-01,2000-03_extracted_2000-03-monatsbericht-data.txt,0.00022074390696647702,0.001173956232503537,0.0001806086511543903,0.0001806086511543903,0.041859584372618185
2000-04-01,2000-04_extracted_2000-04-monatsbericht-data.txt,0.00011775650310288386,0.00036504515961893996,0.000153083454033749,0.00012953215341317224,0.018406349880880774
2000-05-01,2000-05_extracted_2000-05-monatsbericht-data.txt,9.378553592572186e-05,0.000504097255600755,9.378553592572186e-05,9.378553592572186e-05,0.02894613488872186
2000-06-01,2000-06_extracted_2000-06-monatsbericht-data.txt,0.00034976216173002357,0.0006495583003557581,0.00018987088779629852,0.0001199184554502938,0.03757934769580649
2000-07-01,2000-07_extracted_2000-07-monatsbericht-data.txt,0.00018614837120175197,0.0010511908020804817,0.00017519846701341364,0.00014234875444839857,0.037315521774823925
2000-08-01,2000-08_extracted_2000-08-monatsbericht-data.txt,0.00020792830631998087,0.0014970838055038624,0.00034308170542796844,0.0003118924594799713,0.044312815329733427
2000-09-01,2000-09_extracted_2000-09-monatsbericht-data.txt,0.0001377045707324824,0.00038133573433610506,8.474127429691224e-05,9.533393358402627e-05,0.03333123217948964
2000-10-01,2000-10_extracted_2000-10-monatsbericht-data.txt,3.447364489847512e-05,0.0001723682244923756,5.745607483079186e-05,5.745607483079186e-05,0.013394363287980323
2000-12-01,2000-12_extracted_2000-12-monatsbericht-data.txt,0.00032090709739530406,0.0006632080012836284,0.00016045354869765203,0.00014975664545114188,0.04269060999792482
2001-01-01,2001-01_extracted_2001-01-monatsbericht-data.txt,0.00016297084994730608,0.0005432361664910203,0.0002064297432665877,9.778250996838365e-05,0.0410177507267852
2001-02-01,2001-02_extracted_2001-02-monatsbericht-data.txt,0.00017964514799589986,0.0011835445044435756,0.000380425019285435,0.0003592902959917997,0.034198372163657245
2001-03-01,2001-03_extracted_2001-03-monatsbericht-data.txt,0.0001086044330354939,0.001184775633114479,0.00018758947524312583,0.00013822382386335588,0.043638536404650236
2001-04-01,2001-04_extracted_2001-04-monatsbericht-data.txt,7.21166228815742e-05,0.0005357234842631227,0.00011332612167104518,0.00010302374697367743,0.04056973156057231
2001-05-01,2001-05_extracted_2001-05-monatsbericht-data.txt,0.00024262627115068146,0.0010548968310899194,0.0003903118275032702,0.0003903118275032702,0.038137341216955035
2001-06-01,2001-06_extracted_2001-06-monatsbericht-data.txt,0.00026703033655359204,0.0011158053348846524,0.00023841994335142147,0.00019073595468113716,0.04211952701716459
2001-07-01,2001-07_extracted_2001-07-monatsbericht-data.txt,0.0005151875177424272,0.0008516365089211552,0.00025233674338404603,0.00028387883630705176,0.047832434355939084
2001-08-01,2001-08_extracted_2001-08-monatsbericht-data.txt,0.0002295851813201148,0.0010122619358205061,0.0003026350117401513,0.0005530915731802766,0.03781701644615274
2001-09-01,2001-09_extracted_2001-09-monatsbericht-data.txt,0.0003311319192773966,0.0008002354715870417,0.00018396217737633142,0.00010117919755698229,0.03912744944399054
2001-10-01,2001-10_extracted_2001-10-monatsbericht-data.txt,0.0005520380342939546,0.00034924855230842027,0.00019152339965300468,0.00012392690565782654,0.03368712534833769
2001-11-01,2001-11_extracted_2001-11-monatsbericht-data.txt,0.00029212006134521286,0.0010328530740420026,0.0003547172173477585,0.0004590458106853345,0.034375446046477326
2001-12-01,2001-12_extracted_2001-12-monatsbericht-data.txt,0.0002688720354540229,0.001001316545828775,0.00013907174247621874,0.00016688609097146247,0.04018680690878944
2002-01-01,2002-01_extracted_2002-01-monatsbericht-data.txt,0.00022298201278430206,0.0006370914650980059,0.00020174563061436853,0.00010618191084966765,0.04066720098013554
2002-02-01,2002-02_extracted_2002-02-monatsbericht-data.txt,0.0002007226013649137,0.0008662764901012065,0.0004014452027298274,0.00039088085528956874,0.038394401534011774
2002-03-01,2002-03_extracted_2002-03-monatsbericht-data.txt,0.00019661613287111295,0.0007036787913281937,0.0004139287007812904,0.000238009002949242,0.03625737920999333
2002-04-01,2002-04_extracted_2002-04-monatsbericht-data.txt,0.00024273022962279723,0.001058303801155396,0.00020389339288314967,0.0001553473469585902,0.04077682402123569
2002-05-01,2002-05_extracted_2002-05-monatsbericht-data.txt,0.0003117363715897549,0.0009754331627163299,0.0003921844674838852,0.0004223525034441841,0.04043463532274295
2002-06-01,2002-06_extracted_2002-06-monatsbericht-data.txt,0.00020987359885523492,0.0008108752683043168,0.0002671118530884808,0.00019079418077748629,0.05044047292790704
2002-07-01,2002-07_extracted_2002-07-monatsbericht-data.txt,0.00022234927895305255,0.0009105732376172628,0.0001905850962454736,0.00012705673083031574,0.04434090244953918
2002-08-01,2002-08_extracted_2002-08-monatsbericht-data.txt,0.0003781711224329009,0.0008403802720731131,0.0005252376700456957,0.0004937234098429539,0.03730607464217545
2002-09-01,2002-09_extracted_2002-09-monatsbericht-data.txt,0.0002062604971860175,0.0007464665612446347,0.0002062604971860175,0.00015715085499887048,0.03166215964490929
2002-10-01,2002-10_extracted_2002-10-monatsbericht-data.txt,0.00021169621593014024,0.0006456734585869278,0.0002540354591161683,0.00021169621593014024,0.041656075197330424
2002-11-01,2002-11_extracted_2002-11-monatsbericht-data.txt,0.00027829214252839113,0.001102465026170165,0.00042814175773598636,0.00042814175773598636,0.03624718479759456
2002-12-01,2002-12_extracted_2002-12-monatsbericht-data.txt,0.0002733070148800486,0.0010426156493572225,0.0002935519789452374,0.0002429395687822654,0.03474102087227404
2003-01-01,2003-01_extracted_2003-01-monatsbericht-data.txt,0.00017665824942066487,0.0005299747482619946,0.00015587492595941016,0.00010391661730627344,0.0451416377707961
2003-02-01,2003-02_extracted_2003-02-monatsbericht-data.txt,0.0003599554964113528,0.0007308187351382011,0.00040358646567333496,0.0003599554964113528,0.034388853600840985
2003-03-01,2003-03_extracted_2003-03-monatsbericht-data.txt,0.00018453967603034653,0.0008304285421365594,0.0003793315562846012,0.00038958376050850934,0.04073266464653327
2003-04-01,2003-04_extracted_2003-04-monatsbericht-data.txt,0.00031182361788767015,0.001054697531090649,0.00027513848637147366,0.0004402215781943578,0.03976780431319095
2003-05-01,2003-05_extracted_2003-05-monatsbericht-data.txt,0.0003533266236964389,0.0009636180646266515,0.0004711021649285852,0.0004175678280048823,0.03923428352173363
2003-06-01,2003-06_extracted_2003-06-monatsbericht-data.txt,0.00042096606817692325,0.0010866798504101972,0.0008419321363538465,0.0004111761596146692,0.03743369859258771
2003-07-01,2003-07_extracted_2003-07-monatsbericht-data.txt,0.00019125131485278962,0.000690629748079518,0.00010625073047377201,7.43755113316404e-05,0.037401851439614366
2003-08-01,2003-08_extracted_2003-08-monatsbericht-data.txt,0.0002525225955114109,0.0011573952294272997,0.000557654065087699,0.00036826211845414087,0.03393723357652596
2003-09-01,2003-09_extracted_2003-09-monatsbericht-data.txt,0.00024153130849586377,0.00046293500795040556,0.0001107018497272709,9.057424068594892e-05,0.039910367171336156
2003-10-01,2003-10_extracted_2003-10-monatsbericht-data.txt,0.00015082652938100792,0.001317218356594136,0.00014077142742227407,0.0002614326509270804,0.046391535654263016
2003-11-01,2003-11_extracted_2003-11-monatsbericht-data.txt,0.0003102988177615043,0.0012205086831952503,0.0003723585813138052,0.0003827018752391887,0.04580300907777602
2003-12-01,2003-12_extracted_2003-12-monatsbericht-data.txt,0.0002864391521401097,0.0010639168508061216,0.00025574924298224077,0.00027620918242082,0.050635268274156764
2004-01-01,2004-01_extracted_2004-01-monatsbericht-data.txt,0.00017266311268426392,0.0005395722271383247,0.00017266311268426392,0.00015108022359873092,0.054081605131853956
2004-02-01,2004-02_extracted_2004-02-monatsbericht-data.txt,0.0003002505539105046,0.0015737270411860932,0.00037272482554407473,0.000383078292920299,0.049209294080257364
2004-03-01,2004-03_extracted_2004-03-monatsbericht-data.txt,0.00021113926301284615,0.0006556429746188381,0.00022225185580299596,0.0003444903764946437,0.046997578951982096
2004-04-01,2004-04_extracted_2004-04-monatsbericht-data.txt,0.00014781497788054438,0.0007390748894027219,0.00016893140329205073,0.00012669855246903803,0.05884435210027559
2004-05-01,2004-05_extracted_2004-05-monatsbericht-data.txt,0.00032615786040443573,0.001573232032539043,0.0003549364951460036,0.00039330800813476075,0.06107156719883616
2004-06-01,2004-06_extracted_2004-06-monatsbericht-data.txt,9.2289707646715e-05,0.0003794132425476061,0.0001948338272541761,0.00012305294352895333,0.052566143076285425
2004-07-01,2004-07_extracted_2004-07-monatsbericht-data.txt,0.000248217796223118,0.0006255088464822574,0.00015885938958279554,0.0002581465080720427,0.05588413055777396
2004-08-01,2004-08_extracted_2004-08-monatsbericht-data.txt,0.00022531287765510744,0.0016079146269023575,0.0003789352942381352,0.0004403842608713463,0.04744983484452195
2004-09-01,2004-09_extracted_2004-09-monatsbericht-data.txt,0.0002493565709909252,0.0005610522847295817,0.00015139506095877603,0.0004630907746974325,0.055996094547018
2004-10-01,2004-10_extracted_2004-10-monatsbericht-data.txt,0.0004178446329190448,0.0016002560409665546,0.00024892871748368627,0.00019558684945146778,0.05687211583922206
2004-11-01,2004-11_extracted_2004-11-monatsbericht-data.txt,0.00030318649001000517,0.00137444542137869,0.0004648859513486746,0.0004952046003496751,0.0477573540305403
2004-12-01,2004-12_extracted_2004-12-monatsbericht-data.txt,0.00012775199080185666,0.0004790699655069625,0.00020227398543627305,0.0002448579823702253,0.05689361809231584
2005-01-01,2005-01_extracted_2005-01-monatsbericht-data.txt,0.00011179054922696835,0.0006595642404391132,0.00011179054922696835,0.00011179054922696835,0.05613546889426788
2005-02-01,2005-02_extracted_2005-02-monatsbericht-data.txt,0.00019205304707321265,0.0015970727072403999,0.0004952947003467063,0.0005357269207831721,0.04650249402102437
2005-03-01,2005-03_extracted_2005-03-monatsbericht-data.txt,0.0001897554387257364,0.000613914654700912,0.0002790521157731418,0.0003013762850349931,0.045547872732852414
2005-04-01,2005-04_extracted_2005-04-monatsbericht-data.txt,0.00018022029280496984,0.0003604405856099397,0.00019082148649937983,0.00014841671172173988,0.05341493628739557
2005-05-01,2005-05_extracted_2005-05-monatsbericht-data.txt,0.0002787511946479771,0.0015629977699904427,0.0002787511946479771,0.0003285281936922587,0.045967138353056776
2005-06-01,2005-06_extracted_2005-06-monatsbericht-data.txt,8.560361247244634e-05,0.0008774370278425749,0.00028891219209450637,0.00020330857962206006,0.04784519799186134
2005-07-01,2005-07_extracted_2005-07-monatsbericht-data.txt,0.00012117873863949325,0.00047369870559074636,7.711374277058662e-05,0.0001321949876067199,0.04869895953375575
2005-08-01,2005-08_extracted_2005-08-monatsbericht-data.txt,0.00036741705808168576,0.0014100870877729562,0.0003773472488406502,0.00033762648580479233,0.04972440049151831
2005-09-01,2005-09_extracted_2005-09-monatsbericht-data.txt,0.00030349851009822313,0.0005702093220027222,0.0002023323400654821,0.00027590773645293015,0.04838641339570024
2005-10-01,2005-10_extracted_2005-10-monatsbericht-data.txt,0.0003547234454893886,0.0014188937819575543,0.00018168761842139416,0.0001643840357145947,0.058101383188196944
2005-11-01,2005-11_extracted_2005-11-monatsbericht-data.txt,0.00026327780871854587,0.0012961369044605336,0.00024302566958635006,0.0005873120348336793,0.047642102594309156
2005-12-01,2005-12_extracted_2005-12-monatsbericht-data.txt,7.889368512403214e-05,0.0006311494809922571,0.00016905789669435458,0.0001915989495869352,0.05485498139675121
2006-01-01,2006-01_extracted_2006-01-monatsbericht-data.txt,7.549611734253667e-05,0.0008412424503882657,0.0001294219154443486,9.706643658326143e-05,0.051946506293251114
2006-02-01,2006-02_extracted_2006-02-monatsbericht-data.txt,0.00021275011435318647,0.0016381758805195357,0.00040422521727105426,0.00024466263150616446,0.04829158148523294
2006-04-01,2006-04_extracted_2006-04-monatsbericht-data.txt,3.4189592687985774e-05,0.0004900508285277962,6.837918537597155e-05,6.837918537597155e-05,0.04778354346966797
2006-05-01,2006-05_extracted_2006-05-monatsbericht-data.txt,0.00037802934325064367,0.0017471085863745965,0.0002452082226490662,0.00032694429686542153,0.05312103024915738
2006-06-01,2006-06_extracted_2006-06-monatsbericht-data.txt,0.0006863611575998044,0.0007991876492600463,0.0003196750597040185,0.0001880441527670697,0.04482647914746886
2006-07-01,2006-07_extracted_2006-07-monatsbericht-data.txt,0.00045125901264528035,0.0008022382447027206,0.00034095125399865624,0.00042117507846892833,0.04906695766974621
2006-08-01,2006-08_extracted_2006-08-monatsbericht-data.txt,0.0004340453022166593,0.0017361812088666371,0.0003028223038720879,0.000383574918237978,0.05170532490172516
2006-09-01,2006-09_extracted_2006-09-monatsbericht-data.txt,0.000363550433533892,0.0009543198880264665,0.0003544616726955447,0.0011906276698234962,0.047224475737510596
2006-10-01,2006-10_extracted_2006-10-monatsbericht-data.txt,0.00012375402200571518,0.0007087730351236415,0.00012375402200571518,0.00012375402200571518,0.05111535400264094
2006-11-01,2006-11_extracted_2006-11-monatsbericht-data.txt,0.00022734318487134444,0.001953084633667459,0.0003513485584375323,0.00028934587165443834,0.05457752886343044
2006-12-01,2006-12_extracted_2006-12-monatsbericht-data.txt,0.0010427882292099394,0.001407340211779268,0.00021194882707519097,0.0001526031554941375,0.05833018358050419
2007-01-01,2007-01_extracted_2007-01-monatsbericht-data.txt,0.0001576507929834887,0.0008933544935731027,0.00048346243181603203,0.0008092740706485753,0.05002979334587365
2007-02-01,2007-02_extracted_2007-02-monatsbericht-data.txt,0.0002996507196299314,0.002219288142259179,0.0005431169293292506,0.000552481014317686,0.05322104593361409
2007-03-01,2007-03_extracted_2007-03-monatsbericht-data.txt,0.00013646288209606986,0.0011022002015451796,0.0005038629492777964,0.0001574571716493114,0.046865881227871935
2007-04-01,2007-04_extracted_2007-04-monatsbericht-data.txt,0.00019511983609933769,0.0008129993170805736,0.0004227596448818983,0.00013007989073289178,0.042211216921854124
2007-05-01,2007-05_extracted_2007-05-monatsbericht-data.txt,0.00031700897231454975,0.0018636285039097774,0.0004514976272358739,0.00043228496224711327,0.06694043095561925
2007-06-01,2007-06_extracted_2007-06-monatsbericht-data.txt,0.00010381089806807918,0.0007370573762833623,0.0005709599393744356,0.00011419198787488711,0.04324379895695596
2007-07-01,2007-07_extracted_2007-07-monatsbericht-data.txt,0.00020819907797551182,0.0012293659842363555,0.000337084221484162,0.00015862786893372329,0.05523972913033403
2007-08-01,2007-08_extracted_2007-08-monatsbericht-data.txt,0.00035541163578205366,0.001579607270142461,0.0005034998173579094,0.0004047743629740056,0.05295944805209398
2007-09-01,2007-09_extracted_2007-09-monatsbericht-data.txt,0.00023970318492579624,0.0006461564115391029,0.00037518759379689845,0.0001459062864765716,0.03992645247413764
2007-10-01,2007-10_extracted_2007-10-monatsbericht-data.txt,0.0003740705259796542,0.0012499429770539666,0.00034669951188358197,0.00023721545549929292,0.06157763981384871
2007-11-01,2007-11_extracted_2007-11-monatsbericht-data.txt,0.00040372175121351246,0.0017369424180116234,0.000525777164371086,0.0008262212582974209,0.05047746497956533
2007-12-01,2007-12_extracted_2007-12-monatsbericht-data.txt,0.000807117651475336,0.0014828440573616637,0.00042232900367895486,0.00021585704632479916,0.053083641097990825
2008-02-01,2008-02_extracted_2008-02-monatsbericht-data.txt,0.0003537562030167543,0.0018375669434481403,0.0005895936716945905,0.0005404608657200413,0.05175196173644708
2008-03-01,2008-03_extracted_2008-03-monatsbericht-data.txt,7.563560924483247e-05,0.0005726696128537316,0.0003997882202941145,7.563560924483247e-05,0.04236119472747371
2008-04-01,2008-04_extracted_2008-04-monatsbericht-data.txt,0.00025079651114186724,0.0008917209285044168,0.00041799418523644536,0.00021364147245418318,0.049192809941630285
2008-05-01,2008-05_extracted_2008-05-monatsbericht-data.txt,0.00032351690606917714,0.001802451333813987,0.0006193037916181392,0.000600817111271329,0.052488167257464705
2008-06-01,2008-06_extracted_2008-06-monatsbericht-data.txt,0.00011660571367997032,0.0009328457094397625,0.0004240207770180739,0.0002014098690835851,0.048028535382677526
2008-07-01,2008-07_extracted_2008-07-monatsbericht-data.txt,0.00035467853227574646,0.0011715139399411018,0.00035467853227574646,0.0001504696803594076,0.0563340308802431
2008-08-01,2008-08_extracted_2008-08-monatsbericht-data.txt,0.0004370933293597576,0.0013907515025083196,0.0005563006010033279,0.00038742363284160336,0.04822721172998477
2008-09-01,2008-09_extracted_2008-09-monatsbericht-data.txt,0.00031515614554483815,0.0011746729061216693,0.0004202081940597842,0.0002960557730875752,0.04860640653823621
2008-10-01,2008-10_extracted_2008-10-monatsbericht-data.txt,0.00025910464948898805,0.0009116645074612543,0.0004030516769828703,0.0002495081809893959,0.04850768669800895
2008-11-01,2008-11_extracted_2008-11-monatsbericht-data.txt,0.0005838469023678235,0.0016125295398730364,0.0006672536027060841,0.0006487187804086928,0.04602879489313066
2008-12-01,2008-12_extracted_2008-12-monatsbericht-data.txt,0.0002362619070631571,0.0010417002265966473,0.0005584372348765532,0.000408088748563635,0.041457832438501235
2009-01-01,2009-01_extracted_2009-01-monatsbericht-data.txt,0.0012304866850321396,0.0018089990817263544,0.00043158861340679525,0.00016528925619834712,0.054339711831378125
2009-02-01,2009-02_extracted_2009-02-monatsbericht-data.txt,0.00036895830771122864,0.001352847128274505,0.0007189956765654712,0.0006622328599945129,0.05046564591621865
2009-03-01,2009-03_extracted_2009-03-monatsbericht-data.txt,0.00019740608405551059,0.0007501431194109402,0.0005823479479637562,0.00032572003869159246,0.047524227757353946
2009-04-01,2009-04_extracted_2009-04-monatsbericht-data.txt,0.00011967188145956178,0.0006962727648556322,0.0004351704780347701,0.00022846450096825432,0.052112501163336614
2009-05-01,2009-05_extracted_2009-05-monatsbericht-data.txt,0.00041588311876175323,0.0014646318530305222,0.0006961521770577173,0.0006780703023289454,0.046441744452044936
2009-06-01,2009-06_extracted_2009-06-monatsbericht-data.txt,0.0004806392502027697,0.0012716913494948282,0.00047062593249021196,0.0004806392502027697,0.049167120962901
2009-07-01,2009-07_extracted_2009-07-monatsbericht-data.txt,0.00020734597156398104,0.0009478672985781991,0.00034557661927330175,0.00023696682464454977,0.05433806499725569
2009-08-01,2009-08_extracted_2009-08-monatsbericht-data.txt,0.00035088982059633275,0.001718460403433322,0.0006747881165314091,0.0007827542151764346,0.05095292112579806
2009-09-01,2009-09_extracted_2009-09-monatsbericht-data.txt,0.0005900629707826632,0.0007467984473968081,0.0005163050994348303,0.00027659201755437336,0.04998070232949093
2009-10-01,2009-10_extracted_2009-10-monatsbericht-data.txt,0.00023078698361412417,0.00105952206113757,0.0004825546021022596,0.00023078698361412417,0.050572691784951655
2009-11-01,2009-11_extracted_2009-11-monatsbericht-data.txt,0.0003738422572595493,0.0021963232613998523,0.0006542239502042113,0.000560763385889324,0.04433758471784554
2009-12-01,2009-12_extracted_2009-12-monatsbericht-data.txt,0.0002808735166367403,0.0010733380814332573,0.0005316534422052584,0.0002608111225912588,0.05048302854970353
2010-01-01,2010-01_extracted_2010-01-monatsbericht-data.txt,0.0005076517931741985,0.0008989667170793101,0.0003278584497583366,0.00022209765951371188,0.046552256558676265
2010-02-01,2010-02_extracted_2010-02-monatsbericht-data.txt,0.00033475377502736837,0.0018094798650128022,0.00046141736557826454,0.0004885595635534566,0.04586160653978854
2010-04-01,2010-04_extracted_2010-04-monatsbericht-data.txt,0.0002474252311879504,0.0005979443087042134,0.00041237538531325063,0.00017525953875813152,0.04621117235456265
2010-05-01,2010-05_extracted_2010-05-monatsbericht-data.txt,0.00038826384292962716,0.002091330244870946,0.0004765056254136334,0.0004765056254136334,0.05313302598904487
2010-06-01,2010-06_extracted_2010-06-monatsbericht-data.txt,0.0004205543493143986,0.0012323220468282378,0.0003520920133794965,0.0002934100111495804,0.050686146218276815
2010-07-01,2010-07_extracted_2010-07-monatsbericht-data.txt,0.0006227922501289375,0.001216391113533081,0.0006033299923124081,0.00032112725397273335,0.058509314499847025
2010-08-01,2010-08_extracted_2010-08-monatsbericht-data.txt,0.0004180204830036672,0.0022516103289061166,0.0004845237416633415,0.00037051815538961406,0.05605582057945982
2010-09-01,2010-09_extracted_2010-09-monatsbericht-data.txt,0.00045235359575873267,0.0006694833217229244,0.0003890240923525101,0.0001357060787276198,0.05564695894894061
2010-10-01,2010-10_extracted_2010-10-monatsbericht-data.txt,0.00038543935604736423,0.0022947087243750056,0.00042129417986572367,0.00066331424063965,0.05750172083664372
2010-11-01,2010-11_extracted_2010-11-monatsbericht-data.txt,0.00030351028615329165,0.002475505771437785,0.00044578073278764714,0.00044578073278764714,0.05354309777116456
2011-01-01,2011-01_extracted_2011-01-monatsbericht-data.txt,0.0001782354688583028,0.0009208832557678978,0.0003267650262402218,0.00021784335082681455,0.04991930792756886
2011-02-01,2011-02_extracted_2011-02-monatsbericht-data.txt,0.00033636372130397,0.0021863641884758054,0.0003830809048184103,0.000327020284601082,0.05597766630128765
2011-03-01,2011-03_extracted_2011-03-monatsbericht-data.txt,0.000302780852895815,0.0011543520016652946,0.0005960998041386358,0.00023654754132485548,0.04921145532716033
2011-04-01,2011-04_extracted_2011-04-monatsbericht-data.txt,0.0002493566598176704,0.0009675038400925611,0.0003989706557082727,0.0005386103852061681,0.058535018478922424
2011-05-01,2011-05_extracted_2011-05-monatsbericht-data.txt,0.0004385432898211303,0.0020340944081065192,0.0004665354147033301,0.0003638976234685975,0.0597554147348468
2011-06-01,2011-06_extracted_2011-06-monatsbericht-data.txt,0.0002641887583128359,0.0011934043909993624,0.0003643982873280496,0.00027329871549603714,0.059219508800758304
2011-07-01,2011-07_extracted_2011-07-monatsbericht-data.txt,0.0003943615469978081,0.0013481662188064602,0.0004769023359043261,0.00023845116795216304,0.052492298090238074
2011-08-01,2011-08_extracted_2011-08-monatsbericht-data.txt,0.0005250838799248863,0.0021893327874834244,0.0005428833334816621,0.000640780328043929,0.059359541682075086
2011-09-01,2011-09_extracted_2011-09-monatsbericht-data.txt,0.00037974581269643767,0.0010422810603795843,0.00046054279412121164,0.0002504706424167993,0.04980312514641185
2011-10-01,2011-10_extracted_2011-10-monatsbericht-data.txt,0.0006191006848206037,0.0008476917069082111,0.0004095589145736301,0.00020001714432665656,0.05134816310109031
2011-11-01,2011-11_extracted_2011-11-monatsbericht-data.txt,0.0004968158619755205,0.0023485840747933698,0.0005690799873537781,0.0005600469716814958,0.05731036449973309
2011-12-01,2011-12_extracted_2011-12-monatsbericht-data.txt,0.0012408682582404139,0.0017127477367262051,0.000550526058233423,0.0003670173721556154,0.05167337786258112
2012-01-01,2012-01_extracted_2012-01-monatsbericht-data.txt,0.00020468833763828646,0.0007017885861884107,0.0004191237389736342,0.00016570008285004143,0.05957839975811501
2012-02-01,2012-02_extracted_2012-02-monatsbericht-data.txt,0.0006878193446957516,0.0020098617215135598,0.0006252903133597741,0.0005359631257369493,0.051274543534835244
2012-03-01,2012-03_extracted_2012-03-monatsbericht-data.txt,0.0008034252356883524,0.0008441049944573829,0.00081359517538061,0.00023390861292192538,0.04506973405616943
2012-04-01,2012-04_extracted_2012-04-monatsbericht-data.txt,0.0003274325066542735,0.0007816130804005239,0.00035911952342726776,0.00013731040601630825,0.05451714700023052
2012-05-01,2012-05_extracted_2012-05-monatsbericht-data.txt,0.0004270386647924414,0.0024643689614063805,0.0005960748029394495,0.0006761445525880322,0.05870064404419015
2012-06-01,2012-06_extracted_2012-06-monatsbericht-data.txt,0.0007862507862507862,0.0022755022755022755,0.0005735005735005735,0.0004625004625004625,0.04653137715476725
2012-07-01,2012-07_extracted_2012-07-monatsbericht-data.txt,0.00026870052293255617,0.0004547239618858643,0.00036171224240921025,0.00028936979392736817,0.06374199720883371
2012-08-01,2012-08_extracted_2012-08-monatsbericht-data.txt,0.00028557149996430355,0.002132862140358392,0.0006782323124152209,0.0006514599842935675,0.04939628387023975
2012-09-01,2012-09_extracted_2012-09-monatsbericht-data.txt,0.0003229572951084391,0.0009688718853253173,0.00039748590167192505,0.00023186677597528962,0.0543514075661734
2012-10-01,2012-10_extracted_2012-10-monatsbericht-data.txt,0.00038033331028282965,0.0010891362976281032,0.000388977249152894,0.000250674227231865,0.06535789285569621
2012-11-01,2012-11_extracted_2012-11-monatsbericht-data.txt,0.0003471913113148758,0.0025727766402563875,0.0007299919878928158,0.0006231638921036232,0.04846363543272961
2012-12-01,2012-12_extracted_2012-12-monatsbericht-data.txt,0.0014908963702087255,0.0014575802502040612,0.0006246772500874548,0.0004830837400676317,0.04775697599291942
2013-01-01,2013-01_extracted_2013-01-monatsbericht-data.txt,0.00024191427820141994,0.0009150670523271102,0.0003576124112542729,0.0001998422298185643,0.05310573528005097
2013-02-01,2013-02_extracted_2013-02-monatsbericht-data.txt,0.0003661596992132032,0.0026167022407187447,0.0007501808471685139,0.0005804970841184929,0.050492576679852484
2013-03-01,2013-03_extracted_2013-03-monatsbericht-data.txt,0.00015807111092376757,0.0010116551099121124,0.0007271271102493309,0.0005269037030792253,0.05186429687138582
2013-04-01,2013-04_extracted_2013-04-monatsbericht-data.txt,0.00029113776639105626,0.0013489383176118939,0.0005046387950778308,0.0007569581926167463,0.04407984102246944
2013-05-01,2013-05_extracted_2013-05-monatsbericht-data.txt,0.0004246660178713616,0.0017517473237193665,0.0006635406529240025,0.0005927629832787755,0.05313373063543072
2013-06-01,2013-06_extracted_2013-06-monatsbericht-data.txt,0.00018713575362241353,0.0008198328253934306,0.000499028676326436,0.0003475378281559108,0.05239958633824507
2013-07-01,2013-07_extracted_2013-07-monatsbericht-data.txt,0.00023701218789596987,0.0009571646049644938,0.00047402437579193975,0.0003919816953664117,0.06006637237166513
2013-08-01,2013-08_extracted_2013-08-monatsbericht-data.txt,0.0005054615549368173,0.0023816663097022918,0.0006082672949239666,0.0010880274148639965,0.05347962843513214
2013-09-01,2013-09_extracted_2013-09-monatsbericht-data.txt,0.0004825841603424791,0.0010274372446001168,0.00037361354349095153,0.00013232146331971202,0.04848717708143073
2013-10-01,2013-10_extracted_2013-10-monatsbericht-data.txt,0.0002580077975689932,0.0009078052136686798,0.0002962311749866218,0.00020067273144255026,0.057057206062990834
2013-11-01,2013-11_extracted_2013-11-monatsbericht-data.txt,0.0003762530570560886,0.002347102403540362,0.0007077140835102619,0.0006450052406675804,0.04517535366527033
2013-12-01,2013-12_extracted_2013-12-monatsbericht-data.txt,0.0005644236705176824,0.0018520151688861451,0.0005732427903695211,0.00042331775288826176,0.05476453423083777
2014-01-01,2014-01_extracted_2014-01-monatsbericht-data.txt,0.0003884282167767213,0.001536824683768767,0.0006417509668484961,0.0009204059919274484,0.06486667553058015
2014-02-01,2014-02_extracted_2014-02-monatsbericht-data.txt,0.0005308824261326874,0.0028700831162798415,0.0007631434875657382,0.0005557675398576571,0.05603273790637237
2014-03-01,2014-03_extracted_2014-03-monatsbericht-data.txt,0.0004926782537293007,0.0014050453902650427,0.0006477806669403768,0.00029195748369143746,0.05200625847532052
2014-04-01,2014-04_extracted_2014-04-monatsbericht-data.txt,0.00036484850495033087,0.0011111295378032804,0.0003897245393787625,0.0005555647689016402,0.05814794977261724
2014-05-01,2014-05_extracted_2014-05-monatsbericht-data.txt,0.00043009329716138425,0.0022000926354793886,0.0006947660954145438,0.0008271024945411236,0.05479026165365937
2014-06-01,2014-06_extracted_2014-06-monatsbericht-data.txt,0.0003955076918006312,0.001392516664881389,0.0004531858968548899,0.00034606923032555226,0.04974057072584042
2014-08-01,2014-08_extracted_2014-08-monatsbericht-data.txt,0.0004446786784808459,0.001976349682137093,0.0007658355018281234,0.0006670180177212688,0.04916411629994812
2014-09-01,2014-09_extracted_2014-09-monatsbericht-data.txt,0.0004791637486822997,0.0013342867463307115,0.0003391004990674736,0.0002727547492499244,0.04351204675957798
2014-10-01,2014-10_extracted_2014-10-monatsbericht-data.txt,0.0002606700959265953,0.0010513693869039344,0.00035624913109968026,0.00013902405116085083,0.06190319186229596
2014-11-01,2014-11_extracted_2014-11-monatsbericht-data.txt,0.00036491204790299977,0.001940668618393226,0.000680063362001045,0.0007464110070743177,0.038331283112395816
2014-12-01,2014-12_extracted_2014-12-monatsbericht-data.txt,0.000660495749238071,0.0017455959087006162,0.0006416244421169833,0.0005755748671931761,0.040073636595313766
2015-01-01,2015-01_extracted_2015-01-monatsbericht-data.txt,0.0001709564061164403,0.0014816221863424826,0.0007882989837591414,0.0001709564061164403,0.04095939062405546
2015-02-01,2015-02_extracted_2015-02-monatsbericht-data.txt,0.00035705784337062603,0.002720440711395246,0.0009521542489883361,0.0004930798789403884,0.04765216494552365
2015-03-01,2015-03_extracted_2015-03-monatsbericht-data.txt,0.00033275101904999585,0.0012478163214374844,0.0004921942156781189,0.0002564955771843718,0.060217863433929576
2015-04-01,2015-04_extracted_2015-04-monatsbericht-data.txt,0.0003533801219572328,0.0012162850709225687,0.0003862526914416265,0.000977958942160714,0.04988433612851781
2015-05-01,2015-05_extracted_2015-05-monatsbericht-data.txt,0.00025614754098360657,0.0024334016393442624,0.0007204149590163935,0.0004482581967213115,0.04903969210932212
2015-06-01,2015-06_extracted_2015-06-monatsbericht-data.txt,0.0004893847988183582,0.0013524816258252807,0.0006851387183457015,0.00039150783905468655,0.04721289136103924
2015-07-01,2015-07_extracted_2015-07-monatsbericht-data.txt,0.00022800043617474746,0.0012986111799518226,0.00039652249769521296,0.0005055661845613966,0.05761856417924947
2015-08-01,2015-08_extracted_2015-08-monatsbericht-data.txt,0.00022365249372530504,0.0021785409573983417,0.0006212569270147362,0.0004887221159182592,0.054494843358647405
2015-09-01,2015-09_extracted_2015-09-monatsbericht-data.txt,0.0005403331271192414,0.0009632025309516911,0.0003210675103172304,0.0002897438507740859,0.03760473324786288
2015-10-01,2015-10_extracted_2015-10-monatsbericht-data.txt,0.0001975769876693998,0.0007543848620104357,0.00031432702583768154,0.00020655775983619072,0.048388935898749964
2015-11-01,2015-11_extracted_2015-11-monatsbericht-data.txt,0.0004056109514956904,0.002188609092445496,0.0007689707622105797,0.0005492648301504141,0.05322285814342135
2015-12-01,2015-12_extracted_2015-12-monatsbericht-data.txt,0.0003791352190167172,0.0017722367214502363,0.000502574592650067,0.0003791352190167172,0.04484210473787196
2016-01-01,2016-01_extracted_2016-01-monatsbericht-data.txt,0.00027279847232855494,0.0008095954662653889,0.0004399975360137983,0.000263998521608279,0.05434500260243128
2016-02-01,2016-02_extracted_2016-02-monatsbericht-data.txt,0.0004419428809672712,0.00235980821346675,0.0008588701271628101,0.0005920366895976652,0.04042737218889353
2016-03-01,2016-03_extracted_2016-03-monatsbericht-data.txt,0.00015744843563732878,0.0012970752078694228,0.0006447888316576322,0.00027740914850386497,0.05043159552160021
2016-04-01,2016-04_extracted_2016-04-monatsbericht-data.txt,0.00017483536336616352,0.0005827845445538785,0.0003302445752471978,0.0003302445752471978,0.051280043292217845
2016-05-01,2016-05_extracted_2016-05-monatsbericht-data.txt,0.0004130831701654811,0.0021315091580538827,0.0006691947356680794,0.00047091481398864847,0.05313379681460113
2016-06-01,2016-06_extracted_2016-06-monatsbericht-data.txt,0.0005041466058329763,0.0024955256988732325,0.0006133783704301211,0.0004201221715274802,0.0522574407851534
2016-07-01,2016-07_extracted_2016-07-monatsbericht-data.txt,0.0007529884228029994,0.0013883224045430301,0.0002745270291469269,0.0002196216233175415,0.05791780777242522
2016-08-01,2016-08_extracted_2016-08-monatsbericht-data.txt,0.00033090668431502316,0.0025181191586899324,0.0006214588949330922,0.0005811044212361382,0.052113693905259995
2016-09-01,2016-09_extracted_2016-09-monatsbericht-data.txt,0.000486492673992674,0.0011876144688644688,0.00037917811355311356,0.00030048076923076925,0.050504364433118794
2016-10-01,2016-10_extracted_2016-10-monatsbericht-data.txt,0.0003994141925176408,0.0009142147073181555,0.0004260418053521502,0.00031953135401411264,0.05943117947098032
2016-11-01,2016-11_extracted_2016-11-monatsbericht-data.txt,0.00041695506058357033,0.0021598272138228943,0.0007255018054154123,0.0005920761860286699,0.05183604788032527
2016-12-01,2016-12_extracted_2016-12-monatsbericht-data.txt,0.0005162273092709347,0.002157999407608006,0.0006008547370202682,0.000880125248593069,0.04583180988141554
2017-01-01,2017-01_extracted_2017-01-monatsbericht-data.txt,0.0002562222241856109,0.0012634406227083573,0.0005301149465909191,0.00026505747329545954,0.05436205944886701
2017-02-01,2017-02_extracted_2017-02-monatsbericht-data.txt,0.000529977946079018,0.0022053920981997847,0.0006496503855162156,0.0004274015694185629,0.06267768830576273
2017-03-01,2017-03_extracted_2017-03-monatsbericht-data.txt,0.00048744604858507704,0.001001480063456613,0.000744463056020845,0.0002836049737222267,0.05471091293292392
2017-04-01,2017-04_extracted_2017-04-monatsbericht-data.txt,0.0006347341695403388,0.0012694683390806775,0.00042631399446739173,0.00027473568532343024,0.05397542097561885
2017-05-01,2017-05_extracted_2017-05-monatsbericht-data.txt,0.0003411833946041846,0.0024224021016897106,0.0005117750919062769,0.00040942007352502154,0.06091109258854483
2017-06-01,2017-06_extracted_2017-06-monatsbericht-data.txt,0.0003051691720071272,0.0016931966962976089,0.0004429875077522814,0.00036423417304076467,0.05687533539437965
2017-07-01,2017-07_extracted_2017-07-monatsbericht-data.txt,0.000451531983515499,0.001612614226841068,0.0007238846084931016,0.0004730335065400466,0.06255227442481907
2017-08-01,2017-08_extracted_2017-08-monatsbericht-data.txt,0.00030126704310701007,0.00244456686406831,0.00047341963916815866,0.00034430519212229723,0.05545938845509792
2017-09-01,2017-09_extracted_2017-09-monatsbericht-data.txt,0.00030284020852711503,0.0011104140979327551,0.0003100506896825225,0.0002091039535068175,0.04475223209040716
2017-10-01,2017-10_extracted_2017-10-monatsbericht-data.txt,0.0005561313481129452,0.0007836396268864228,0.00042131162735829184,0.00026121320896214093,0.052707671288928566
2017-11-01,2017-11_extracted_2017-11-monatsbericht-data.txt,0.00045978637617599205,0.002679139845794723,0.0004863125132630685,0.00035368182782768623,0.06333649213805048
2017-12-01,2017-12_extracted_2017-12-monatsbericht-data.txt,0.000851063829787234,0.002334569588131954,0.0005777864532500488,0.000445051727503416,0.05720293310061408
2018-01-01,2018-01_extracted_2018-01-monatsbericht-data.txt,0.0011299009453504575,0.0016119920153666529,0.00048209107001619524,0.000301306918760122,0.054824059944445065
2018-02-01,2018-02_extracted_2018-02-monatsbericht-data.txt,0.0004707372601379688,0.003192454509662952,0.0005563258528903268,0.00035091323028466764,0.06663047871668556
2018-03-01,2018-03_extracted_2018-03-monatsbericht-data.txt,0.00016532377355863773,0.0014879139620277396,0.0004872700694359849,0.00028714129091763393,0.042890565421776716
2018-04-01,2018-04_extracted_2018-04-monatsbericht-data.txt,0.0004801788469410246,0.0009761012626342139,0.000425076356308448,0.0004959224156931894,0.052308026346745556
2018-05-01,2018-05_extracted_2018-05-monatsbericht-data.txt,0.00047052219709101714,0.002327846659292401,0.0006851463571676215,0.0005283056248039491,0.062184373405180994
2018-06-01,2018-06_extracted_2018-06-monatsbericht-data.txt,0.000564652738565782,0.0017577093313418698,0.0005100089251561902,0.00039161399610207465,0.06439061769959122
2018-07-01,2018-07_extracted_2018-07-monatsbericht-data.txt,0.00035645008869804535,0.001409221280899249,0.0003978977734303762,0.0003067128670192483,0.05863240892206142
2018-08-01,2018-08_extracted_2018-08-monatsbericht-data.txt,0.0005962239152037098,0.0023766147731036765,0.0005962239152037098,0.0004223252732692945,0.06423200582360188
2018-09-01,2018-09_extracted_2018-09-monatsbericht-data.txt,0.00037236712160215003,0.0010280570531189795,0.00031570255961921415,0.0002185633105056098,0.0423758193432921
2018-10-01,2018-10_extracted_2018-10-monatsbericht-data.txt,0.00041679912401540036,0.0011585602769241638,0.0003885415562855427,0.00018367419024407474,0.06065775585065768
2018-11-01,2018-11_extracted_2018-11-monatsbericht-data.txt,0.0008194193576809551,0.00212344156130226,0.000599145336798978,0.0004757918851050707,0.04980862956192471
2018-12-01,2018-12_extracted_2018-12-monatsbericht-data.txt,0.0006666381778556472,0.0020084611768727834,0.0005811717447972308,0.0004444254519037648,0.04856811780206157
2019-01-01,2019-01_extracted_2019-01-monatsbericht-data.txt,0.0002863192157867374,0.000904165944589697,0.0002561803509670808,0.0002486456347621667,0.05920918386086724
2019-02-01,2019-02_extracted_2019-02-monatsbericht-data.txt,0.0008567856549601769,0.002447959014171934,0.0006994168611919812,0.0005420480674237855,0.04757290069555336
2019-03-01,2019-03_extracted_2019-03-monatsbericht-data.txt,0.00012560672534295123,0.0017226065189890453,0.0005024269013718049,0.00021532581487363067,0.034977820246532766
2019-04-01,2019-04_extracted_2019-04-monatsbericht-data.txt,0.0003561332828811183,0.0008235582166625859,0.00034871383948776165,0.00027451940555419535,0.05275626935668751
2019-05-01,2019-05_extracted_2019-05-monatsbericht-data.txt,0.0005845773251774912,0.001923174678482471,0.0006777708117999898,0.0005761051900299914,0.054070887750061324
2019-06-01,2019-06_extracted_2019-06-monatsbericht-data.txt,0.0004268312703155268,0.0011819942870276126,0.0006238303181534623,0.0004760810322750107,0.054895706692178727
2019-07-01,2019-07_extracted_2019-07-monatsbericht-data.txt,0.0002677639036406965,0.00077651532055802,0.0003480930747329055,0.00021421112291255723,0.05350256587856561
2019-08-01,2019-08_extracted_2019-08-monatsbericht-data.txt,0.0005300640351552147,0.001923619482418118,0.000795096052732822,0.0007694477929672471,0.04924924576656938
2019-09-01,2019-09_extracted_2019-09-monatsbericht-data.txt,0.0004908272670482795,0.0010135264345542397,0.0004079603258583103,0.0002995958643021966,0.03851687517329256
2019-10-01,2019-10_extracted_2019-10-monatsbericht-data.txt,0.0003028736056733397,0.0014626579005688114,0.0004136810223830982,0.0004949397946369211,0.05254293453213427
2019-11-01,2019-11_extracted_2019-11-monatsbericht-data.txt,0.00033086634740966476,0.0018894209838920331,0.0006443186765346104,0.0006007836308228124,0.05255980429094072
2019-12-01,2019-12_extracted_2019-12-monatsbericht-data.txt,0.0004973704594561539,0.0017122589587834807,0.0005462921439928248,0.0004158343185617025,0.05221020757286131
2020-01-01,2020-01_extracted_2020-01-monatsbericht-data.txt,0.0019822452344944847,0.0016490229752475672,0.00036739890122096055,0.00017942737036372492,0.05055886132048887
2020-02-01,2020-02_extracted_2020-02-monatsbericht-data.txt,0.0005436658612357611,0.0024594408008284433,0.0006817397307559544,0.0005350362443907491,0.05571892712950653
2020-03-01,2020-03_extracted_2020-03-monatsbericht-data.txt,0.00018480251331418106,0.0013440182786485897,0.0007812106244644928,0.00031920434117904006,0.054244637305773426
2020-04-01,2020-04_extracted_2020-04-monatsbericht-data.txt,0.0002453923209731558,0.0006573008597495246,0.0003067404012164448,0.00019280825219319386,0.05602165844399004
2020-05-01,2020-05_extracted_2020-05-monatsbericht-data.txt,0.0006706442810230795,0.0017267163097605723,0.00046251329725729615,0.0007246041657030973,0.06088955793003196
2020-06-01,2020-06_extracted_2020-06-monatsbericht-data.txt,0.0004656667766157667,0.0008537224237955723,0.0004365626030772813,0.0005529792972312229,0.04366098165635793
2020-07-01,2020-07_extracted_2020-07-monatsbericht-data.txt,0.00035106196243637,0.0013026246500928466,0.0008314625426124553,0.00035106196243637,0.04144725241236046
2020-08-01,2020-08_extracted_2020-08-monatsbericht-data.txt,0.00047847605376874654,0.0015999043047892462,0.0004635236770884732,0.0006429521972517531,0.06188220991177564
2020-09-01,2020-09_extracted_2020-09-monatsbericht-data.txt,0.00039045069165551094,0.0011016287371709058,0.0002928380187416332,0.00026494868362338244,0.0411041464308633
2020-10-01,2020-10_extracted_2020-10-monatsbericht-data.txt,0.001108490899077905,0.001645085219650649,0.0004448084499484587,0.0008754959967239505,0.054398967676855994
2020-11-01,2020-11_extracted_2020-11-monatsbericht-data.txt,0.00041682971230243125,0.0020246014597546658,0.00042533644112492983,0.0005614441022849074,0.05476758811021138
2020-12-01,2020-12_extracted_2020-12-monatsbericht-data.txt,0.0005993747063873905,0.001247347361941326,0.0006074743645818146,0.000583175389998542,0.05802607445172387
2021-01-01,2021-01_extracted_2021-01-monatsbericht-data.txt,0.00017653586199939473,0.0007565822657116917,0.0003026329062846767,0.0003026329062846767,0.05982477474387788
2021-02-01,2021-02_extracted_2021-02-monatsbericht-data.txt,0.0006535467163362171,0.0019279628131918405,0.00048199070329796014,0.0005391760409773791,0.057550123888183265
2021-03-01,2021-03_extracted_2021-03-monatsbericht-data.txt,0.0003000982139609327,0.0010276090356844058,0.0007547924775381034,0.00036375541086173656,0.052015639116469205
2021-04-01,2021-04_extracted_2021-04-monatsbericht-data.txt,0.0004468467229808114,0.0008851002397504533,0.00033513504223560853,0.00026638939254625295,0.05743393017042495
2021-05-01,2021-05_extracted_2021-05-monatsbericht-data.txt,0.0007787906610703043,0.002254394018887723,0.0003279118572927597,0.00038529643231899265,0.06715877351147523
2021-06-01,2021-06_extracted_2021-06-monatsbericht-data.txt,0.0008087343307723412,0.0014152850788515972,0.00041355732823585635,0.00038598683968679926,0.05165695392499155
2021-07-01,2021-07_extracted_2021-07-monatsbericht-data.txt,0.00044985359310333544,0.0011614401858304297,0.00031898709329145606,0.0002453746871472739,0.0563954110748826
2021-08-01,2021-08_extracted_2021-08-monatsbericht-data.txt,0.0010571348342445616,0.002485918633653227,0.0004459787581969244,0.00042946102641185313,0.05512519303172215
2021-09-01,2021-09_extracted_2021-09-monatsbericht-data.txt,0.0006077564922321124,0.0011142202357588727,0.00042416338520366174,0.0002595626685574646,0.053754065682708074
2021-10-01,2021-10_extracted_2021-10-monatsbericht-data.txt,0.000664334428778402,0.0008339517297431005,0.00038870631471076716,0.00028269550160783065,0.0627692427603394
2021-11-01,2021-11_extracted_2021-11-monatsbericht-data.txt,0.0014990483569419413,0.002181199575550353,0.0004379242391066346,0.0004463458590894544,0.05682978215122984
2021-12-01,2021-12_extracted_2021-12-monatsbericht-data.txt,0.0017560723132093608,0.0014141003364264854,0.0004898517505268217,0.00045288180709083517,0.04875193986029792
2022-01-01,2022-01_extracted_2022-01-monatsbericht-data.txt,0.0005113739463222316,0.0008495405882449976,0.00027218290691344586,0.00017320730439946552,0.04758089145457419
2022-02-01,2022-02_extracted_2022-02-monatsbericht-data.txt,0.0012300641149857194,0.00217367494291997,0.00039597954386526584,0.0004128297372212346,0.061883402464473374
2022-03-01,2022-03_extracted_2022-03-monatsbericht-data.txt,0.0011755225861496896,0.001052282315021093,0.0006446414182111201,0.00024648054225719296,0.045693460070341425
2022-04-01,2022-04_extracted_2022-04-monatsbericht-data.txt,0.0008905312393365126,0.0016978352600434446,0.0004161360931479031,0.00035787704010719663,0.05556205600227759
2022-05-01,2022-05_extracted_2022-05-monatsbericht-data.txt,0.0017720366000082805,0.0017389144205688734,0.00038918560841303356,0.0005547965056100691,0.06448005473590426
2022-06-01,2022-06_extracted_2022-06-monatsbericht-data.txt,0.0014450979932666246,0.0016638155273826542,0.00045305774924034716,0.00046868043024863497,0.06293712678422865
2022-07-01,2022-07_extracted_2022-07-monatsbericht-data.txt,0.00029180277374747714,0.0007376125669727894,0.0002755915085392839,0.00021074644770651126,0.05733845961518296
2022-08-01,2022-08_extracted_2022-08-monatsbericht-data.txt,0.0016784910884236027,0.0016957951202630213,0.0004326007959854646,0.0005104689392628482,0.061747789627453586
2022-09-01,2022-09_extracted_2022-09-monatsbericht-data.txt,0.0010236585939635934,0.002276209792788611,0.0002924738839895981,0.00029883201190241543,0.04727005749168629
2022-10-01,2022-10_extracted_2022-10-monatsbericht-data.txt,0.000502271300365624,0.0009085201462495845,0.0003249990767071684,0.0001624995383535842,0.0575975880870704
2022-11-01,2022-11_extracted_2022-11-monatsbericht-data.txt,0.0014843920541366513,0.001466928618205632,0.0006810740013097577,0.0005675616677581314,0.06376790844565394
2022-12-01,2022-12_extracted_2022-12-monatsbericht-data.txt,0.0015531574883737634,0.001319734975670192,0.0006194674375594779,0.000448889447506868,0.05246400865621536
2023-01-01,2023-01_extracted_2023-01-monatsbericht-data.txt,0.0009950020282733652,0.0019670424712788835,0.0004056546730652951,0.0004821932906247847,0.059166994907852245
2023-02-01,2023-02_extracted_2023-02-monatsbericht-data.txt,0.0010239766741584734,0.0018396869061152233,0.0007636436214063191,0.0005987660213299548,0.057422000571016665
2023-03-01,2023-03_extracted_2023-03-monatsbericht-data.txt,0.0006281082755416358,0.0009980898625045172,0.0005678787148732598,0.00030975202629450536,0.04648197991194587
2023-04-01,2023-04_extracted_2023-04-monatsbericht-data.txt,0.00017746515229736707,0.0005807950438822922,0.0002419979349509551,0.00017746515229736707,0.052835397619875595
2023-05-01,2023-05_extracted_2023-05-monatsbericht-data.txt,0.0009374863100714067,0.0016646953169492267,0.0005519779208831647,0.0005957856923818286,0.06617180782290816
2023-06-01,2023-06_extracted_2023-06-monatsbericht-data.txt,0.0014229012206994683,0.001339690622997745,0.0005325478252910291,0.0003994108689682718,0.06138250545262954
2023-07-01,2023-07_extracted_2023-07-monatsbericht-data.txt,0.00028895992487041954,0.000857849776959058,0.0004153798920012281,0.0002528399342616171,0.05613838020526888
2023-08-01,2023-08_extracted_2023-08-monatsbericht-data.txt,0.0009029904920412897,0.0019033623116556596,0.0008764319481577224,0.0008410205563129659,0.0563843873974748
2023-09-01,2023-09_extracted_2023-09-monatsbericht-data.txt,0.0008585618428699741,0.0015850372483753369,0.00029719448407037566,0.0003236117715432979,0.05054912818241123
2023-10-01,2023-10_extracted_2023-10-monatsbericht-data.txt,0.00026011410338668564,0.000997104062982295,0.00043352350564447605,0.00031213692406402275,0.059722028130599375
2023-11-01,2023-11_extracted_2023-11-monatsbericht-data.txt,0.0008447372867038351,0.001731711437742862,0.0008616320324379118,0.0007518161851664132,0.05029835753207597
2023-12-01,2023-12_extracted_2023-12-monatsbericht-data.txt,0.0012772846717703816,0.0015294873776613488,0.0007972859734617669,0.0005857611233596654,0.05539187507261821
2024-01-01,2024-01_extracted_2024-01-monatsbericht-data.txt,0.0008878248291685371,0.0008778492692902389,0.0002593645568357524,0.0005087535537932066,0.05261296091805492
2024-02-01,2024-02_extracted_2024-02-monatsbericht-data.txt,0.0009531987977672821,0.001597252039501932,0.001039072563331902,0.0009617861743237441,0.054795645571623294
2024-03-01,2024-03_extracted_Monthly-Report---March-2024.txt,0.0004182457577930281,0.0030557547202021236,0.0006145651951244494,0.0011523097408583428,0.04855907970660131
2024-05-01,2024-05_extracted_Monthly-Report---May-2024.txt,0.0006735125061123567,0.0022419662874698996,0.0007565482945371678,0.0006919649035400925,0.06546423568258414
2024-06-01,2024-06_extracted_Monthly-Report---June-2024.txt,0.0005021904049577946,0.001132599636713324,0.0005021904049577946,0.0005342451116572283,0.04519674841492463
2024-07-01,2024-07_extracted_Monthly-Report---July-2024.txt,0.0012521936238666276,0.0021205030710734134,0.0013344545188651654,0.0006123866627668909,0.0635541520185045
2024-08-01,2024-08_extracted_Monthly-Report---August-2024.txt,0.0007902160230081502,0.0019847286159274473,0.000661576205309149,0.00060644485486672,0.05735958488183841
2024-09-01,2024-09_extracted_Monthly-Report---September-2024.txt,0.0006193484454354019,0.0009378705030878944,0.00029197855284811806,0.00029197855284811806,0.04469321895627848
2024-10-01,2024-10_extracted_Monthly-Report---October-2024.txt,0.0005671706010052609,0.0006845162425925564,0.0009387651326983631,0.0004596037628835736,0.057185763115629604
2024-11-01,2024-11_extracted_Monthly-Report---November-2024.txt,0.0009565015286145924,0.0018861852573614861,0.0008402910625212308,0.0008939266622566285,0.05443680822707505
2024-12-01,2024-12_extracted_Monthly-Report---December-2024.txt,0.0011372317522050143,0.0015105215639974999,0.0005121883464129453,0.0007205361483436349,0.05531075557535329
2025-01-01,2025-01_extracted_Monthly-Report---January-2025.txt,0.0001174301584132837,0.0004344915861291497,0.0001996312693025823,0.0002818323801918809,0.0458431603961405
2025-02-01,2025-02_extracted_Monthly-Report---February-2025.txt,0.0008856929889946069,0.002087078528521945,0.0007453851887578375,0.0007629236637874336,0.05992977679291402
2025-03-01,2025-03_extracted_Monthly-Report---March-2025.txt,0.000469312986344506,0.0014155085233293972,0.000529869500711539,0.00037847821479395646,0.05355103029404717
